2023-08-21 10:38:52,0.01000333,0.006589840874476772,0.03265829914517321,0.02785035794283485,0.08211803688220799,0.0017063597213813585,0.0356699121237409,0.014093499615059922,0.0,0.04988924205386937,0.002702436674206385,0.14580815161548544,0.044171620481286596,0.0006916331504896057,0.0006770135863757371,0.04384205747053525,0.0,0.038575022697432376,0.03365259846867338,0.2922061538404475,0.0036440067647053364,0.0005953104478753806,0.0048314792125806715,0.002606956373706281,0.12934597030519807,0.006074040552257657
2023-08-21 10:39:00,0.02000667,0.010429920045879669,0.0325068444780523,0.028114879249290486,0.08044358043098791,0.003076878725478641,0.03382421001261821,0.008405814355053252,0.0,0.050055574681670705,0.003039834241088251,0.1498722947390352,0.03841667257096492,0.0005124065984390894,0.0005296855014115095,0.04576582898470817,0.0005452550347237106,0.03405160913099559,0.03252541632455547,0.2826668194547533,0.0032746352444046408,0.0006478942149540332,0.030524863730398824,0.0013071178792928987,0.11824213581919017,0.011219828552053094
2023-08-21 10:39:09,0.03001,0.011834474723223437,0.03204864512172731,0.031395938280141256,0.07698845623231294,0.0022208862752133647,0.036748927819150574,0.007238320679361528,0.0,0.05073432821044188,0.002678672047472312,0.15776874538441654,0.03727927137339843,0.0006674969356893535,0.0005783274771990556,0.04192113349170168,0.0005640335336617162,0.03323183613745444,0.03644603191112261,0.2674863898083657,0.0019625426567327782,0.0006245263295578973,0.04053409323427695,0.0011854985130846805,0.11969695961922919,0.008164464205064125
2023-08-21 10:39:18,0.04001334,0.01138543992809532,0.029246524970027055,0.03068702159218584,0.07818210969130115,0.002629678310722691,0.03731244111136964,0.006730196363533929,0.0,0.04916101208214996,0.002428417969932614,0.1678393216257339,0.03518859791177226,0.0006164169125259021,0.0005784438840527512,0.043730746797501684,0.0007418828568309827,0.032114184851956586,0.039324462551114846,0.26005781888978347,0.0024789741691881553,0.000687237031238741,0.0424828135595798,0.00115981380056465,0.11755293282123921,0.0076835103175989005
2023-08-21 10:39:26,0.05001667,0.010910274633762809,0.026853956918907018,0.030038634949423357,0.07946070901219442,0.002308414187941109,0.03569703545748511,0.007007114479737905,0.0,0.047928952189104534,0.0021308895179629546,0.17088886554468166,0.03599740529205807,0.0005760628482113722,0.0008005245132880479,0.04326010151431535,0.0006820734242771792,0.032498710841352856,0.043550913369980654,0.25177857710395873,0.002600719965203837,0.0006331387805029474,0.0515473729418039,0.0009641034975305089,0.1149979188403045,0.00688753017601105
2023-08-21 10:39:35,0.06002001,0.00992953617116056,0.027920010352493675,0.03100462838209178,0.0784570755436149,0.00236729650371806,0.03430586060549574,0.006817457258573086,0.0,0.0472851629331901,0.00238915846567232,0.1729810459358213,0.035404663622157925,0.0007970751091555668,0.0007238231316514109,0.04285053908961307,0.0007301798213892613,0.03184425736592163,0.045179809728021554,0.24637828812815066,0.002416234326175991,0.0006168181334227663,0.0586734638355095,0.0007732713464917063,0.11327187252626081,0.006882471684246864
2023-08-21 10:39:45,0.07002334,0.009192486517646623,0.02763222290810753,0.030451656214160447,0.0801745563339669,0.002167811743165591,0.035542422529413954,0.006144955917329922,0.0,0.048302972698967696,0.0025635909076804713,0.17542670197691573,0.03533553977881623,0.0007782297778382135,0.0007063619162809936,0.04140946147468236,0.0007141043054153369,0.03065089258862149,0.046577152274576324,0.2420073804238113,0.0021274435921710597,0.0006180992600605527,0.061601854601911116,0.0008493610198837264,0.112401462196324,0.006623279042252494
2023-08-21 10:39:55,0.08002668,0.009538143109669838,0.028478179504981663,0.03013897104032399,0.08077243791936174,0.001970075836389906,0.03500031412685662,0.006100463411853452,0.0,0.048514383605076566,0.002355293857668001,0.17800491050404657,0.03546264501693266,0.0007991629548852828,0.0006113406199445618,0.0411147580507385,0.0007359502551242276,0.03044938597981329,0.04819570982371212,0.24110085337052262,0.002117347454338096,0.0006656059499537604,0.05811446643473439,0.0007574427689763454,0.11296533143976357,0.0060368269643322195
2023-08-21 10:40:05,0.09003001,0.008989679900377457,0.028722980951078513,0.030352689837815826,0.08288887551818386,0.0021054696784810188,0.03431508358879553,0.006059097791990544,0.0,0.046773625339772903,0.002224553969943021,0.1785202284392253,0.03477999775176965,0.0009117175053182464,0.0006186367199564714,0.04006786525146692,0.0006722837047907582,0.030568346910164877,0.04748885931364143,0.24009932640423157,0.00197001564405321,0.0006064897027218389,0.060961781190720314,0.0007462071158295113,0.11364486761861849,0.005911320151052911
2023-08-21 10:40:15,0.10003334,0.008593576233395133,0.029174250482883843,0.030477454103994845,0.08353733144717304,0.0018223756891116432,0.03486455460010415,0.005904421469303635,0.0,0.04607023644468349,0.002582813840969269,0.1788903266264761,0.03557537637739524,0.0008657828000458008,0.000611575526014948,0.039245171709823085,0.0006997972703154312,0.030429308711731568,0.04548542907291767,0.2415319265861386,0.0019318657864976494,0.0006964063895300702,0.060095067452218626,0.0006971199404156273,0.11432803577684875,0.005889795662011801
2023-08-21 10:40:24,0.11003668,0.008312889502085186,0.029064298553976915,0.030311641111339674,0.08336016078200884,0.0016557055506114177,0.035128173198101506,0.005932288817097959,0.0,0.04671336427356154,0.0024675846325854242,0.181524558046932,0.03560585401212036,0.0008579675134274597,0.0005592784340164905,0.0410067934031708,0.0007482221902799273,0.031129612566289364,0.04411040171207698,0.24158777803577633,0.0019678258847405984,0.0006382509542694271,0.05726173374255799,0.0006588825407483872,0.11358897338783203,0.0058077611543936895
2023-08-21 10:40:34,0.12004001,0.008276028956864665,0.028790620837232835,0.030114261015284322,0.08258344264398951,0.0016169095659714116,0.03482340862376572,0.005594558886406453,0.0,0.04603479106843636,0.0024606946707149044,0.18296278688198792,0.03568713667978093,0.0008753219703041804,0.0005540128434147084,0.040058222545465406,0.0007377320490913869,0.03143506689300431,0.04586491862616935,0.23999823513205032,0.001885740031132379,0.0006329350847992029,0.05921422724847566,0.0006408661268508543,0.11329803504128942,0.00586004657751805
2023-08-21 10:40:44,0.13004335,0.007992967571050011,0.028657086606554007,0.03063825076370083,0.08280477945123615,0.0016135653608587812,0.035239653354772305,0.0054777347381119584,0.0,0.04389307899010757,0.0023015699295483943,0.1858259860285045,0.035742505688144376,0.0008905177958877951,0.0004967202815520665,0.03967631315104957,0.0007033015755702479,0.03142388574502395,0.047015877811387934,0.23509837647331075,0.0018283532512970975,0.0006419848894235979,0.06437301857812194,0.0005869903142418462,0.11145743851786509,0.005620043132679077
2023-08-21 10:40:54,0.14004668,0.0077724216018500705,0.028065201007250584,0.030957378594576555,0.08303884318622938,0.0015469006246533752,0.0353177452331986,0.005396078652987925,0.0,0.04286196715474635,0.0022308006493847957,0.1883281482305435,0.03575248299324188,0.0008901068255065763,0.000519280550427977,0.04001006609540908,0.0006868197639401607,0.030567506331330225,0.04755909993432861,0.23194159503686582,0.0017459142718923954,0.000701844106148017,0.06712460128698479,0.0006216253185156531,0.11078141946143616,0.005582153088551797
2023-08-21 10:41:05,0.15005002,0.007405366077845892,0.02760289222662486,0.030930450631271218,0.08388201506970146,0.0014957747705051172,0.03515827758153418,0.0052181192581882314,0.0,0.04257163355853794,0.0021668172757498263,0.1914113374611893,0.035432936988523484,0.0009417529928928025,0.00048574069720591466,0.04166837882979327,0.00069682015443485,0.03061716655052207,0.04597680263511534,0.2302917741160636,0.0016863647238297506,0.0006817956880836682,0.06722787783916344,0.0006142551398815968,0.11040147384848825,0.00543417588485382
2023-08-21 10:41:16,0.16005335,0.007443320156597144,0.027465113383475213,0.030590169536380617,0.08286609185412963,0.0014383028850603068,0.03529073303483521,0.0050415800608112375,0.0,0.0417539215548493,0.0021664557662514207,0.19525697574485518,0.03489023757967683,0.0009812738651356519,0.0004685278818803991,0.0421277343014602,0.0006727511894359791,0.030461736058361197,0.04730564953877781,0.22883358068133486,0.0017093522888689604,0.0007110157873736233,0.06773935115376234,0.0006077426014013741,0.10885248894048168,0.005325894154803842
2023-08-21 10:41:28,0.17005669,0.007466443600722881,0.02747194315948401,0.030556348026254572,0.08276338042751064,0.0014616214743131994,0.03514361827072368,0.004907990835870374,0.0,0.04128686694571966,0.0021315845088784747,0.19604463887348014,0.035445129870089735,0.0009617127994999625,0.00046944585247843623,0.04226057551261832,0.0006433778814185957,0.03059417446428986,0.04771924953590791,0.22636952585268577,0.0016715948598362235,0.0006553931507858388,0.07015871338698816,0.0006272804913290385,0.10785985332565524,0.005329536893459465
2023-08-21 10:41:39,0.18006002,0.007261603664747409,0.027977295948308684,0.03105042623765082,0.08271294568417098,0.0013869728063839154,0.03532446918555882,0.004922985376567359,0.0,0.041057360061041326,0.002094573124430599,0.19733883680687245,0.03604555066294698,0.0009178331862507756,0.0005038412706623253,0.04247964719720565,0.0006130608846639971,0.030220698968510255,0.04707433484848794,0.22530959663697062,0.0016010623579058737,0.0006500703263534902,0.07105785068046325,0.0006047661612391294,0.10646005841552698,0.0053341595070803
2023-08-21 10:41:51,0.19006335,0.0071764548052023385,0.027931702970830193,0.030682003697511576,0.08264860419511276,0.0013116323256758093,0.035375024498230954,0.00483243948470144,0.0,0.04088130353671638,0.0020661897848974348,0.19831621792215587,0.03612586030197416,0.0009274535281302604,0.0004996185052012833,0.04260333189745375,0.000640161979917716,0.03016175055639613,0.045476090639307985,0.22568899888241667,0.0016158662157217789,0.0006918811406812604,0.07292213184834148,0.0006293439774996277,0.10549389456088594,0.005302042745036985
2023-08-21 10:42:02,0.20006669,0.007240144973484666,0.02805904066842993,0.030861855708997535,0.08304400648656608,0.0012561928963677508,0.03505916998552506,0.004792588265242507,0.0,0.04036686493328267,0.001991372172208482,0.19987605799546596,0.03668638757219811,0.0008937685852982396,0.00048579843245534667,0.0426440471972063,0.0006511270804336586,0.03045329461363557,0.04398943043833653,0.22570499030479252,0.001597329131325552,0.0007314323812687007,0.07206513182130603,0.000587455853160047,0.10567678440509368,0.005285728097918748
2023-08-21 10:42:14,0.21007002,0.007223103119434938,0.02820193912893324,0.030698668355280564,0.08345063277993019,0.0012288092256989194,0.03484960627145203,0.004846434050656411,0.0,0.04022220688130452,0.001931586053253319,0.2014183298885245,0.0365085402680247,0.0008715283129999715,0.0005069906721627072,0.04294788914607342,0.0006462727508342584,0.030114964639076106,0.04415518210460949,0.22540067727464572,0.0015502038075013063,0.0007159774465118306,0.07133250992312726,0.0005704381265805128,0.10544195335596152,0.005165556417422529
2023-08-21 10:42:25,0.22007336,0.007050739688650103,0.027941674902588,0.03077039355031975,0.08250853083887297,0.0011857676575493697,0.035213828505551444,0.004842746214849721,0.0,0.039588010362705324,0.0019532515487633755,0.20163781501877628,0.036565429706542654,0.0008474024762709945,0.0005274936044359737,0.04265537161437617,0.0006311096751922622,0.029872484610760478,0.047001381848965386,0.22366181398903245,0.001539402337094064,0.0007069566646304143,0.07364191570135467,0.000562272745424707,0.10393796317167558,0.0051562435656177475
2023-08-21 10:42:37,0.23007669,0.006862024032262142,0.028015198202831125,0.030817711844644723,0.08270116424918122,0.0011488929927969667,0.0355507915874538,0.0048118744091108405,0.0,0.03968814838433024,0.0019291390812147214,0.20351953615379265,0.03629434350810813,0.0008062068111889057,0.0005081969340062571,0.04421913092412655,0.0006125698611832622,0.02973706996162497,0.04612282962923267,0.22284298902674235,0.0015598717591527257,0.0007160697412551626,0.07278277271494103,0.0005325267946779345,0.10313139181905194,0.005089549577089507
2023-08-21 10:42:49,0.24008003,0.007135842812069247,0.027845361249183558,0.03095468417214578,0.08272145273973773,0.001140172484442329,0.03582166309184887,0.004791535846601175,0.0,0.0392144501976126,0.0019188813613324296,0.20573573829900518,0.03623726374586448,0.0007887243002070195,0.0005200601682770948,0.04407970228559236,0.0005969877724397668,0.029341083995163934,0.047166088299126004,0.22023980164333737,0.0015251090956844746,0.0007259822382073263,0.07405783977706586,0.0005472425548623407,0.10175925152646777,0.005135080343725332
2023-08-21 10:43:02,0.25008336,0.007222074493921182,0.02825178988314298,0.031200908461769795,0.08276013744111681,0.0011137703186161036,0.03603510098205191,0.00481862983166436,0.0,0.03951675000278801,0.0018524405350892875,0.20761143148729905,0.03630967588297927,0.0008084296577281672,0.0005349334390196396,0.0448256885987025,0.0005784708091685863,0.029405886916561676,0.04640117593949776,0.21942804148929274,0.0015434665846199643,0.0007053519974375563,0.07304120516463376,0.0005232973909433013,0.10043181078345001,0.005079531908505544
2023-08-21 10:43:15,0.2600867,0.006959776347136424,0.02853827265824962,0.0315510573681623,0.08390570179762967,0.0010852312125418158,0.03609079103518997,0.004805804820593675,0.0,0.03973460792313337,0.0018237210129231015,0.208511811502127,0.03643077050383464,0.0007997145611098235,0.000509404583314345,0.04499972021991618,0.0005677198228025642,0.029524765993535058,0.04541983045678546,0.21977983206407156,0.001486601607843555,0.0006973184409610671,0.07014518963092627,0.0005186577211589987,0.10098609086072051,0.005127607855332893
2023-08-21 10:43:28,0.27009003,0.006943399181977682,0.02842680483020266,0.031835996066804415,0.08366272215310139,0.0010619323322629793,0.0362342871374427,0.004752870712405491,0.0,0.03961232309064197,0.0018047805595630634,0.2109290692252758,0.03644768621941794,0.0007934815535103067,0.0005203051004128161,0.04515782942980049,0.0005492774477934983,0.029125028887846984,0.04540231806916464,0.2189691256165943,0.0014617880011554626,0.000698433226704693,0.06946497983569933,0.0005119060407165662,0.10058001158885306,0.005053643692651805
2023-08-21 10:43:41,0.28009336,0.00680939551763583,0.028427532306664092,0.03227535620428634,0.08370152589462723,0.0011058329011792273,0.036683546431113725,0.004744686360570163,0.0,0.03948502181429506,0.0017600986484769961,0.21356432541944598,0.036709109036529616,0.0007898876482936132,0.000511138057752978,0.044754738168455176,0.0005432218056362338,0.028915405162875107,0.0447256303595408,0.21831648994719322,0.0014213213456996893,0.0007055912396807431,0.06845877907946199,0.0005148406437822721,0.1000654735487882,0.00501105245801573
2023-08-21 10:43:53,0.2900967,0.006719058245082871,0.028450799179090533,0.03298452795372443,0.0836831171599108,0.0010954070673604966,0.03697028608616931,0.004788033587694097,0.0,0.039170491787060065,0.0017474324210805222,0.21469639177140276,0.03710076270051877,0.0007703382623662503,0.0005053658029572076,0.04450897328114102,0.0005159876707929563,0.029215852150060964,0.04433977115928823,0.21654398579349887,0.001405001518101232,0.0007347327603211153,0.06852160612476564,0.0005147507956432909,0.0999529577743427,0.005064368947625956
2023-08-21 10:44:06,0.30010003,0.006681991776696406,0.028549197428633488,0.03283531869851164,0.08413195119790164,0.0010502825362970313,0.03715550266163315,0.004702797330404405,0.0,0.03880032581255609,0.001721683370067181,0.21737671094097988,0.03703897691392265,0.0007669441566964468,0.0005093220314559959,0.045125340808469944,0.0004933550628214009,0.02905805224251102,0.043134105707703534,0.21571949532590468,0.0013924717787888708,0.000752160368994134,0.06816759843309571,0.0005318457896533211,0.09918657424389726,0.005117995382404084
2023-08-21 10:44:19,0.31010337,0.006707585461845124,0.028556054036607246,0.03307847351893727,0.08430292064097956,0.0010519195946532172,0.03732064280873783,0.004732071114410248,0.0,0.038389653451214735,0.0017046640921104435,0.21886385964697905,0.03715668146823067,0.0007661619147474386,0.000505927017501953,0.045414931571017315,0.0004937427870649351,0.028922467983955886,0.043617525879421824,0.2142951099771895,0.0014090649782593926,0.0007615600349936508,0.06776035476416462,0.0005246607935837048,0.09854952577159562,0.005114440691798543
2023-08-21 10:44:33,0.3201067,0.006578956258587412,0.02869856140715077,0.03362530547004049,0.08430113333890771,0.0010231602512545427,0.037649106385459694,0.004716240260100016,0.0,0.03798388019396193,0.0016819655296510501,0.21983549809155453,0.03753561377909025,0.0007526200282086845,0.0004899289929079624,0.045015587823186716,0.0004778718799529571,0.028880185485145662,0.04359778581300337,0.21290501951817323,0.0014254469264092318,0.0007475967229032196,0.06830608707613978,0.0005372311445696439,0.09815922857798126,0.00507598904565978
2023-08-21 10:44:47,0.33011004,0.006485258116902347,0.028819330453379543,0.03400109113612996,0.08447619738700897,0.0010417332862412308,0.03784011554790317,0.004688712644439825,0.0,0.03775039657450155,0.001642864384035579,0.22003974329026063,0.038029079778713275,0.0007306131693427867,0.00047982893341702495,0.04445342316134788,0.0004613522943606305,0.02871962299262412,0.04302091961363524,0.21292256643828317,0.0014035676613898536,0.0007326235719129295,0.0689073883801666,0.0005281093906593984,0.09775121788507025,0.005074243908274122
2023-08-21 10:45:01,0.34011337,0.00643950898745538,0.028906046751465145,0.03443778360845197,0.08475714993390514,0.0010125125756660907,0.03811600052720826,0.004634370243742764,0.0,0.03776625958171804,0.0016229573872857035,0.22165698355474397,0.03863232148710496,0.0007303127585094302,0.0004700626191765044,0.04454322877861353,0.0004600527700111465,0.028632611150968223,0.04173028549834635,0.21279298182744308,0.0013888779718291906,0.000761420997494667,0.06726749758427722,0.000536512281077051,0.09767251557119677,0.00503174555230943
2023-08-21 10:45:16,0.35011671,0.006245217716210731,0.028841935116773323,0.03511543170140421,0.08480484105560607,0.0009769024592328117,0.03853366168553513,0.004594647452773393,0.0,0.03761872678367024,0.0015934627426845,0.2223314613313161,0.039369469424892306,0.0008517401950154757,0.0004575727844495665,0.04410102558091431,0.0004396609787202331,0.028480005478754265,0.04104514320760066,0.2120949362262898,0.001369830824697931,0.0007627846604421464,0.06770322458754699,0.000535922352766268,0.09711370982924013,0.0050186858234635015
2023-08-21 10:45:32,0.36012004,0.006117035623603457,0.0287673042828256,0.03545475132586397,0.084409200724545,0.0009715955066225652,0.038797517263207064,0.004571485840633657,0.0,0.037214693163355475,0.0015552882726430914,0.22360290093662713,0.03960365436002069,0.0008822708353411692,0.00046083701661975583,0.043595597902626036,0.00042995249863887806,0.028489867216081936,0.04084812253733919,0.21085238826822894,0.0013607888750973387,0.0007559404700264548,0.0690718366221772,0.0005239234658183624,0.0966075348716967,0.005055512120360358
2023-08-21 10:45:46,0.37012337,0.005976626407123745,0.028643545678257512,0.03581249204589249,0.08440231786679721,0.0009597332957487047,0.03918483276367684,0.004513148513727846,0.0,0.03680759713929688,0.0015226645591310186,0.2238107433919741,0.039887533534381334,0.0008736350624231307,0.00046333809108531853,0.04330649610350528,0.000418277476455228,0.028433787005699113,0.04115764712212536,0.2096157121845066,0.0013568836643631872,0.0007583596793998444,0.07101467302150886,0.0005071691069308807,0.09556073207204567,0.005012054213943822
2023-08-21 10:46:01,0.38012671,0.005880382926991221,0.028645452408075964,0.036009577760354544,0.08464328043960084,0.0009387382560607973,0.03948037952164057,0.004478699727299909,0.0,0.0366817191424243,0.0014992254360935821,0.22463528166831595,0.040474905279802756,0.0008549705501187081,0.00045182760389639754,0.04312677614502308,0.00042727186465410874,0.02859988724766345,0.040617912212358075,0.20948439919930645,0.0013447873013933988,0.0007688140442591434,0.07016235484975525,0.0004995384478193703,0.09523935268320709,0.005054465283885076
2023-08-21 10:46:16,0.39013004,0.005773473316640464,0.028855827581776558,0.03651973225119982,0.08471546234416724,0.0009276715093402176,0.0399968873704849,0.004485035273307695,0.0,0.03638906527976852,0.0015011069676985286,0.22500488417012415,0.04088020178334319,0.0008382304266155936,0.0004566903353530507,0.0433072658237289,0.0004168075179239188,0.02867994393146193,0.03962408528150224,0.21001658171932158,0.0013422506781204145,0.0007654874908637059,0.06890956150428028,0.0004957595295812012,0.09501391433955383,0.005084073573842065
2023-08-21 10:46:32,0.40013338,0.005695521906742334,0.028708495422788704,0.03676419996946326,0.08416491777029012,0.0009187190067966214,0.04034751364233564,0.004435749347463427,0.0,0.0359931994694608,0.0014838618644038783,0.22510261320538286,0.04121653093329938,0.0008297918613134183,0.00044732374208823804,0.043102444181426745,0.0004091610832191128,0.02841865668726704,0.04034737344216124,0.20784176201641177,0.0013263770727427677,0.000747652319813299,0.07205406943276742,0.0004898043225408048,0.0940794207626247,0.005074840537196281
2023-08-21 10:46:46,0.41013671,0.005746527495594457,0.028728385313506126,0.03694201986277938,0.08409349841179624,0.0009092731027794635,0.04058913038367559,0.004375484686273816,0.0,0.035734046889901665,0.0014896998014440111,0.2254348982584983,0.04155136632643681,0.0008102647080616712,0.00044339997559498894,0.04322056969877227,0.0003990766491813469,0.028300994668748993,0.04000375124887932,0.20696601810421086,0.0013062906901021652,0.0007328248238014071,0.07253871626838494,0.0004874108959598022,0.09412230985259278,0.005074041883023621
2023-08-21 10:47:02,0.42014005,0.0055852229128483455,0.028905133707061142,0.03765104397315033,0.08429188595486198,0.0008889879663426744,0.04103433525525826,0.0043506209463501245,0.0,0.035723218828766334,0.0014663308539137933,0.22658810725597645,0.04197634084527975,0.0007997419350742347,0.00043298388306583694,0.04350601645279727,0.0003951249954118784,0.02838003657551787,0.03902971461896041,0.2065000702142504,0.0012932493488445422,0.0007282864015015109,0.07113090340640561,0.0004937988733669082,0.09374351836632205,0.005105326428672308
2023-08-21 10:47:17,0.43014338,0.005441412743665319,0.028887046420648987,0.038156551241535254,0.0844575144204745,0.0008835435630377197,0.041528528967130995,0.0043316690736586476,0.0,0.03559362491449013,0.0014527138319870476,0.2273633115268317,0.04245240115504272,0.0008001545946211312,0.00043639380735272394,0.04404342530606509,0.00038556770713074547,0.028471738084422635,0.0380949522501706,0.2065551321214905,0.0012843089392401835,0.0007100438322393921,0.06985079540918843,0.0004836597081905324,0.09318919793751479,0.0051463124438700675
2023-08-21 10:47:33,0.44014672,0.00537567723380854,0.02895624559233331,0.03886996164876338,0.08430849815548674,0.0008756227406675757,0.041987025275846745,0.004350084256331628,0.0,0.03544639218092503,0.0014437770140902878,0.22797547948475239,0.04304053627295247,0.0007933017541043688,0.0004388490189052088,0.04367462295114868,0.0003885286699676882,0.028388912770401592,0.0380085756727481,0.2058479343945836,0.0012596065328993186,0.0007111303066352454,0.06966697727208898,0.00047802852835523155,0.09257772605854529,0.005136506213658757
2023-08-21 10:47:49,0.45015005,0.005350973122600055,0.02896427448739974,0.03916570612657392,0.08424559407734998,0.0008836088320585093,0.04222015929635896,0.004323427715752148,0.0,0.035194484418005975,0.0014419999109508272,0.22860544996150367,0.04335262613242933,0.0007891485183631226,0.0004374755690004195,0.043574733858835174,0.0003856418707491896,0.028248169434638024,0.037865065768502786,0.2051484737597892,0.001251468676545829,0.0007111690213312152,0.0701616229946905,0.0004837397929820652,0.09205699634558016,0.005137990308009186
2023-08-21 10:48:05,0.46015338,0.0052427886087030705,0.02907427477941179,0.03973136674840258,0.08426754788909241,0.0008679497866549189,0.04280486485234339,0.004280677413153447,0.0,0.03497009307814422,0.0014558931855931123,0.2294171111779807,0.04383866553868791,0.0007725999819564486,0.00042581805349173346,0.043461828694704004,0.0003725980937296337,0.028347871155505053,0.03728505780194095,0.20475648090390874,0.0012635406909191683,0.0007102337458500593,0.06926759412333065,0.0004860119451893847,0.09170176578777683,0.00519736596352993
2023-08-21 10:48:21,0.47015672,0.005141398340031432,0.029235148042251094,0.040147837382358276,0.08451469285710654,0.0008544410816843522,0.04322148749534675,0.004248331050019985,0.0,0.035000483317060134,0.0015428377162792538,0.2299966664505766,0.04445681660489736,0.0007617598760313349,0.0004271645070179527,0.043330460760282824,0.00036367020452478336,0.028433020315137215,0.036474104518547434,0.20447130690814477,0.0012602521045325422,0.0006963210802735444,0.06763320822032574,0.00048539730923528976,0.09207542470499187,0.005227769153342865
2023-08-21 10:48:36,0.48016005,0.005086777257246242,0.029181248335511414,0.04036323961769546,0.08427183984958915,0.0008402797965248097,0.04344829723067674,0.004234711841147207,0.0,0.034695509817414566,0.0015262795815311103,0.23065437932732638,0.044838878971476516,0.0007539213902957805,0.00042771392785489787,0.04325517847608985,0.0003610738746063876,0.0284280786302866,0.036327372773264505,0.20364919009483443,0.0012629178500302254,0.000686301070926774,0.06858367061742505,0.0004771467281340605,0.09140343236262972,0.005242560577482257
2023-08-21 10:48:53,0.49016339,0.005019292705434826,0.02922228160194744,0.04074783031546147,0.08426286592630482,0.0008406589144129731,0.043973101761582194,0.004216628889317821,0.0,0.03450329998293124,0.0014993637166457955,0.23098165010908067,0.04521758012732109,0.0007385658967998728,0.00041911201199133216,0.04314802201052133,0.00035735188553986756,0.028479607124503002,0.036050618811860766,0.2027584885130292,0.001261371868902249,0.0006772568960572016,0.06890072736511771,0.00047831020070495495,0.09101704749859525,0.0052289658659369544
2023-08-21 10:49:10,0.50016672,0.0049360689708338,0.02929399154868894,0.041218536928462855,0.08444485224511573,0.0008318331795875584,0.044226311915697696,0.0041721869381415025,0.0,0.034467013364219555,0.0014962149308153684,0.23123586242370253,0.04586988731347115,0.0007279301140420206,0.0004198485038143661,0.04303018219222662,0.0003464769394044318,0.028486377014036234,0.035706843420033565,0.20269708461925437,0.0012608342388138983,0.0006800653635712859,0.06791538722041106,0.0004780496028412159,0.09083288083919223,0.005225280173622406
2023-08-21 10:49:27,0.51017006,0.0048728097671016145,0.029473872342692418,0.04192164783960493,0.08463063433558222,0.0008416508351411783,0.044644383536312324,0.004153177388616465,0.0,0.03429685071921046,0.0014871538286641813,0.23238752052881428,0.046596317551362454,0.0007183920718031237,0.0004216254141125073,0.04312991744892318,0.0003440486715551755,0.028524779926687723,0.03491266695646795,0.20209624305246635,0.0012654388381523856,0.0006781922992272856,0.0663342906872124,0.0004805029249978283,0.09053848448850337,0.0052493985467879515
2023-08-21 10:49:43,0.52017339,0.004792653365173425,0.029501822541180205,0.042296366029759704,0.08461592625971344,0.0008535899852482741,0.0450361067910523,0.0041264254221635675,0.0,0.034001910084559536,0.0014886691225908693,0.2329288898475852,0.04716901379494742,0.0007133050099820319,0.000419589672938295,0.04321683277003337,0.00034521278502979775,0.028511824978821244,0.034679199024092805,0.2012567141787018,0.0012756229143458175,0.000673321452166928,0.06633154054165938,0.00047212166029581584,0.0900373052818581,0.0052560364861007364
2023-08-21 10:50:01,0.53017673,0.004788610156961749,0.029561125879947563,0.042786825926724066,0.08471054781269098,0.0008491002379013841,0.04546433421967138,0.004087994286241236,0.0,0.03392184861974276,0.001483899981079872,0.23347761816420876,0.04776834383743325,0.0007103265620811684,0.0004189072088587602,0.04323522083027492,0.00033640968237253155,0.02846812041041525,0.03413263818323329,0.20103295019425318,0.0012787966523064073,0.0006676159029079498,0.06515491979611769,0.000464575219048369,0.08992440283908326,0.00527486739644421
2023-08-21 10:50:18,0.54018006,0.00473862720306462,0.029571711748801632,0.04303885620521559,0.08455729834110273,0.0008394142824157903,0.04552295084843201,0.0040371995260433955,0.0,0.03383593019099855,0.0014696170796948888,0.23355966306715822,0.04799194077531689,0.0007047586869626468,0.00041471548480444286,0.04294478757917659,0.00033201536081471015,0.028449280962961128,0.03404569846508924,0.2006759897301163,0.0012806482521581408,0.00066441601919788,0.06589646179682017,0.0004611574182143982,0.08966941194414464,0.005297449031295452
2023-08-21 10:50:37,0.55018339,0.004673154336979541,0.02953145267150755,0.04361144990610459,0.08420879497174559,0.000829590618935086,0.04608545034340158,0.004041044666701193,0.0,0.033547108801301836,0.001469498719350405,0.23386522277073862,0.04855506242460753,0.0007112146649134555,0.00041203069723530527,0.04285485763447921,0.0003289976646318346,0.02842198783049299,0.034255766038828725,0.19913288168712168,0.0012735052101055485,0.0006617265565102915,0.06687913275775195,0.0004591187402902834,0.08889342792320504,0.0052975223630602275
2023-08-21 10:50:54,0.56018673,0.004590745541058611,0.029518135594687085,0.04424868395160862,0.08394465523023886,0.0008136138590138955,0.0466198786781123,0.004000586425229587,0.0,0.03344405135053319,0.0014641257509271205,0.2339530871294586,0.04915147201695133,0.0006933048990962153,0.00041696588225043015,0.04306563295215844,0.00032421039587285665,0.028368738292615957,0.03382796973837021,0.198719182181963,0.0012671076940921151,0.0006641529373740221,0.06680704639847501,0.0004629956697890305,0.08833506369925631,0.005298593730867317
2023-08-21 10:51:12,0.57019006,0.004537129716417119,0.029710904103914998,0.04469797548784831,0.08400899142057364,0.0008111739065861729,0.04712858087137386,0.003954629600793041,0.0,0.03346258269905347,0.0014773056459245761,0.2341206624071617,0.049711184388702444,0.0006894126429574342,0.00041036314007237315,0.04318140402388227,0.0003222894294796117,0.02844221396060373,0.0332283773690262,0.19851375223355353,0.001265707703840621,0.0006629594540460746,0.06576519151343299,0.00046746838449928524,0.08816343037868982,0.005266309517566744
2023-08-21 10:51:29,0.5801934,0.004482992447734234,0.029742656760118075,0.04512070901501086,0.08383896145344948,0.0008061843383775504,0.04745378381998542,0.0039188519457409084,0.0,0.03338058187408205,0.0014701887321123786,0.2340740989954328,0.05030847100358204,0.0006806302771800855,0.00041374366470621905,0.042955851989906195,0.000318659263705393,0.028432190285972624,0.03316632368524772,0.19781197656520882,0.00127413590971522,0.0006596692611385676,0.06602069829927133,0.00046808867741225614,0.08791696028004888,0.0052835914548608545
2023-08-21 10:51:46,0.59019673,0.004389730604015036,0.02983222713303329,0.0458226083077314,0.08370055246345216,0.0007995092225022745,0.04778385017565841,0.0038802240504218427,0.0,0.03328905820709297,0.001471370468289076,0.23447485379200012,0.05112386999122769,0.0006747506310978407,0.0004077018605219353,0.042788873406777554,0.00031975240813085894,0.02847257765829235,0.03259993714935294,0.19764441404351993,0.0012587564979033925,0.0006609911312341525,0.06505356258081484,0.00046632543538766734,0.08778802556611366,0.005296477215428502
2023-08-21 10:52:05,0.60020007,0.004347957646974023,0.02994317260698241,0.04628901529501476,0.08372323718011841,0.0007959695463346578,0.048037183960889594,0.0038538727534027785,0.0,0.03331438274285742,0.0014628221993000102,0.23528934732538823,0.051706124783302165,0.0006747157012470318,0.00040901911680329555,0.04297554696232337,0.0003216328370599692,0.0285512246036603,0.032157361853916405,0.19722360456859508,0.0012597208441627074,0.0006600154750188979,0.06390703868010922,0.0004618167382122415,0.08736022928867221,0.005274987289654891
2023-08-21 10:52:22,0.6102034,0.004297678880285316,0.02996987454122251,0.046621012483608296,0.0838705063219434,0.0007934685830991468,0.04822293113265943,0.003838350143283765,0.0,0.03324811997462222,0.001453584374087303,0.2359202353997658,0.05208649857065948,0.0006726558076383831,0.00040314213339666643,0.04300895418214106,0.0003232843945631755,0.028631142452147228,0.0314857429118952,0.19754777646704613,0.0012625286115259902,0.0006603987008035247,0.062468743403971023,0.0004580053347789883,0.08748298352647388,0.005272381668382054
2023-08-21 10:52:40,0.62020674,0.004229876342041095,0.0300186797149115,0.047107128696732975,0.08388542522953009,0.0007897353707584164,0.04854546243464018,0.0038231224516980643,0.0,0.03324636791114212,0.0014407970201736862,0.23689370579358698,0.05249732892911419,0.000666635425675502,0.00039632334819681244,0.043054688158818216,0.00031756804901173353,0.028704444675853792,0.03094164338633939,0.197093539868968,0.0012648453596941615,0.0006559130386762543,0.06132210670489539,0.0004595347715092675,0.08735219606671635,0.0052929312513158395
2023-08-21 10:52:59,0.63021007,0.004166019780236104,0.030083136044330668,0.047558179533212744,0.0838853776131272,0.000785604441389187,0.04888204881237821,0.003819434791228062,0.0,0.0331495192856354,0.0014367620833754425,0.23742088460922672,0.05288481207985516,0.0006586643186030856,0.00039660895534834515,0.042991828146162515,0.0003183497167777498,0.02877079819532098,0.030757181698083377,0.19647219886260323,0.0012611257216784692,0.0006579561027257146,0.06097230111778036,0.000455802876709403,0.08692075144989239,0.005294653764319647
2023-08-21 10:53:18,0.6402134,0.004125755439343265,0.030139276887585303,0.04778108224434467,0.08387044587788689,0.0007808401454656377,0.04899989439398214,0.0038011324889249934,0.0,0.033195076466116163,0.0014324571283834788,0.23735301623518573,0.05326228164013448,0.0006569630096724244,0.0003903258548191068,0.04330608706494719,0.0003188141474328128,0.028807490814348066,0.0303128043198609,0.19645437298223886,0.0012554985464311756,0.0006559610305418667,0.060262901470564456,0.00045156635183743476,0.08708250638536968,0.005303449074583355
2023-08-21 10:53:39,0.65021674,0.004066026399981964,0.030199703806509794,0.048317365221453766,0.08382960629287134,0.0007743113736118652,0.04933087843675435,0.0037702083857024254,0.0,0.03307834670373798,0.0014335201246734675,0.2377880135385172,0.05392518080487851,0.0006470878916700348,0.0003881161707767765,0.04343368474127001,0.0003181659764260833,0.02885321790239505,0.029751173828781712,0.19613835640325353,0.0012597252991231086,0.0006550627706451478,0.059278779954762044,0.00044831415984934026,0.0869942462167726,0.005320907595581852
2023-08-21 10:53:58,0.66022007,0.00401434393983808,0.03020916522741038,0.04866048624624699,0.08379428092232416,0.0007683788800048958,0.049515633973387964,0.0037433677029970885,0.0,0.033053009406197965,0.0014510401878207017,0.23819116030984,0.054362848011199984,0.0006534758786977228,0.00038908804123010657,0.0435380334915941,0.00031805366929202236,0.028823699583006474,0.02940994380195243,0.19583249077772644,0.0012554252176474531,0.0006519107026799287,0.058812461028572564,0.0004494836315029356,0.08677842689453896,0.005323792474290567
2023-08-21 10:54:17,0.67022341,0.003969766116377755,0.030289582392515408,0.04900885376788793,0.083816493014544,0.0007694489095228191,0.04977464933912416,0.0037249899122418014,0.0,0.032953338956495444,0.0014578660213256885,0.23859339718294947,0.05489118994148784,0.0006495929546693763,0.0003903930869677119,0.04351710227335566,0.00031472802677853036,0.028839037573684598,0.029049925642518567,0.1956371754640817,0.0012490611877341584,0.0006484129452201032,0.058102233515540946,0.00044806520229205793,0.08657856455626171,0.005326132016422413
2023-08-21 10:54:35,0.68022674,0.003922265688392688,0.03031355438398642,0.04943077006607952,0.08369658014535432,0.0007657165477017316,0.04998836114282058,0.00370059598198193,0.0,0.0328493036507266,0.0014588581977998216,0.23912800519606806,0.05534497109076207,0.0006470295119295948,0.0003862322679816542,0.04343191130507366,0.00031342687096819704,0.028940933304917336,0.028698152540400382,0.19522489670989995,0.0012440328777282793,0.0006470904870596499,0.05793413745206143,0.0004489515260227001,0.08613231779479166,0.005351905259491847
2023-08-21 10:54:54,0.69023008,0.003917414911993896,0.03036237737908602,0.04952910840543192,0.08379460563409898,0.0007655666243064516,0.05003086665741842,0.003671687863036186,0.0,0.03290150452468397,0.0014459423100375885,0.2395685426421836,0.05551353360625592,0.000648385946142268,0.00038423422074864127,0.04342899454456318,0.00031235081256006625,0.02898486956499611,0.02831424146211136,0.19539543495072675,0.0012451377295760475,0.0006461167075856181,0.05718000138238438,0.0004485839722724546,0.0861634191951856,0.005347078952614521
2023-08-21 10:55:13,0.70023341,0.003880649562214363,0.030434144451190047,0.04986123565848623,0.08376196756892447,0.0007623999927808119,0.05023715886490331,0.003649171528922702,0.0,0.03292575903757205,0.0014590732792001018,0.23992221169758715,0.05594271628173445,0.000641994969117179,0.0003880875571999318,0.04377734242073338,0.00030726860183771874,0.029032733339297248,0.02795195663317317,0.1953931884232761,0.001244650406380349,0.0006428541376941361,0.05592040570844156,0.00044839271829611956,0.08603302437423445,0.005381612786803165
2023-08-21 10:55:32,0.71023675,0.003839499940448229,0.030444314329081068,0.05038634847672907,0.08366397199748427,0.000759920754444133,0.050510611471724004,0.0036319902515879257,0.0,0.03286693622522588,0.0014536729150610474,0.24011104357718938,0.05669532320283446,0.0006447545275107475,0.00038625777639849436,0.04368993166890323,0.0003037300872409055,0.029026411069890165,0.027998841990232667,0.19473366106616713,0.001239134102757547,0.0006442877032267874,0.05545014783915571,0.00044896472386628293,0.08569130113089211,0.00537894317194881
2023-08-21 10:55:51,0.72024008,0.003787499035961886,0.030479649738431383,0.05067628778634941,0.08357128555933784,0.0007553431316051916,0.05086162655808695,0.0036177648278735396,0.0,0.03280213933701512,0.0014594109085661155,0.24034043410529973,0.05696908430905262,0.0006426039092573586,0.0003841762749915557,0.04372235616457266,0.00030290012432751426,0.029053403733697955,0.02781555172948242,0.19425427686178418,0.0012333138917762871,0.0006480191820349952,0.05526200999501447,0.00044311064311542444,0.08553031618238231,0.005387436009983137
2023-08-21 10:56:11,0.73024341,0.0037526072889608355,0.03060421174032144,0.0511185705246597,0.08358871160844221,0.0007525122226847792,0.05113177310301172,0.003600661778773206,0.0,0.03269816671810303,0.0014577048601640817,0.2410462653468494,0.05736180553443502,0.0006436534018332158,0.00038186640542792335,0.043803761308246494,0.0003048258963808203,0.029117052519369992,0.027382922228926874,0.19419204772647253,0.0012289695340393166,0.0006433463523471463,0.05414725226972845,0.0004398192759230201,0.08520596363782951,0.005395528717069203
2023-08-21 10:56:31,0.74024675,0.0036995497921960795,0.030521530885634498,0.05163566169748701,0.08364116677115567,0.0007463348344869754,0.05134042691665447,0.003590230319028671,0.0,0.03270268898284763,0.0014647036315526122,0.2415599991650305,0.057928197367846976,0.0006471592532204751,0.00038048079593855464,0.043809968335068804,0.0003052282717557763,0.02913967495962007,0.0270737724825666,0.193770514893697,0.001219675119602211,0.0006423363017020912,0.05342515327982775,0.0004372465629622818,0.08490837083313264,0.00540992854698464
2023-08-21 10:56:50,0.75025008,0.003653589813660421,0.03057896201452848,0.05204561519907045,0.08372393502747266,0.0007425296429546601,0.05168372466085417,0.0035891278144194396,0.0,0.03267661382682909,0.001465324996782621,0.24194786575827482,0.058361491485333365,0.0006493385564572953,0.00037879971972323547,0.04407651462442134,0.00030175408242114434,0.029219753966088887,0.02660276324269434,0.19350605469217674,0.0012218228341999995,0.0006389522594664899,0.0523491951417556,0.0004315152514362287,0.08473576258980431,0.0054189927991744
2023-08-21 10:57:11,0.76025342,0.003634644009099066,0.030614025379008515,0.052422680859788996,0.08383286368277645,0.0007427118124830447,0.05190696359415184,0.0035721787418260755,0.0,0.03265841574166535,0.0014676117279843986,0.2424850100566527,0.058875500099865745,0.0006522734989357047,0.000380200339747178,0.044280062649773556,0.0003031623211393458,0.02926190944813498,0.026142921117351264,0.19317573996364693,0.0012270231819370475,0.0006348976634732335,0.051263852520431544,0.00043152206826156485,0.08458727841175873,0.005446551110106935
2023-08-21 10:57:30,0.77025675,0.0035969130936265707,0.0306314201604807,0.05285234133870976,0.08394134713718844,0.0007398708004105069,0.052260927787886234,0.003572366229458819,0.0,0.03252482334529839,0.0014615325017671484,0.24291550524160027,0.05921853437697591,0.0006504088962069096,0.00038013505818363047,0.044277646175879905,0.00030124509672549546,0.029278441089206256,0.02587968503059995,0.19261214305748642,0.0012261749699929011,0.0006347891394567439,0.050639252999188145,0.0004330273307370301,0.08452249491609147,0.005448974226842306
2023-08-21 10:57:50,0.78026009,0.0035662806289890234,0.030632912896695893,0.05327458350410847,0.0837940612161401,0.0007357220906286034,0.05255107866759647,0.0035533430485417193,0.0,0.03246157118387338,0.0014582567735734492,0.24319966661206976,0.05970448239987698,0.0006536271046226021,0.00038103537281623795,0.04458867233789705,0.0002997085896100922,0.029252446153290187,0.02567143829925618,0.19204333123706785,0.001217550853851552,0.0006284318791095562,0.050222745555549515,0.0004337586536527552,0.08420488449454197,0.00547041044664051
2023-08-21 10:58:10,0.79026342,0.0035405873648732635,0.030694555184423232,0.053605469219584284,0.08365364517453021,0.0007331762881591221,0.052790698763943086,0.0035269670096340806,0.0,0.03240212433652112,0.0014570042402860218,0.24372092174537854,0.06009559107477232,0.0006492942162753752,0.000379887444673798,0.0446295191227318,0.000297277652865842,0.02929148220567891,0.025361048305445808,0.19176575907276688,0.0012131169890808105,0.0006333337136434173,0.049832848789886384,0.00043080183546986383,0.08380561217891254,0.005489278070463263
2023-08-21 10:58:32,0.80026676,0.003510281685249748,0.03065228749525547,0.05388466258593065,0.08367129017392792,0.0007276306895437394,0.052949296473397564,0.00349157890765549,0.0,0.032378981838387576,0.001458883319467025,0.2442630891343907,0.0603315484527924,0.0006551407939079901,0.0003764973255278208,0.04464384983076684,0.000296863800456143,0.029344575610526,0.025124955407846896,0.19151399649245704,0.0012085714104325847,0.00063307683680586,0.04927338714469071,0.0004300232948363214,0.08369714410380198,0.005482387191945593
2023-08-21 10:58:53,0.81027009,0.0034653458355692686,0.03074074949923526,0.054323443902171004,0.0835921363655613,0.0007252340024886561,0.05320817157045636,0.0034813950326399146,0.0,0.03239430586498349,0.0014577169046817834,0.24445968899285694,0.06086829328489333,0.0006519419303262508,0.00037685752842436733,0.044601345291460065,0.00029596433063903586,0.029430414057108056,0.024794286388934692,0.191321846691354,0.0012033644871702377,0.0006396711213349215,0.04865145801764863,0.000432894942553473,0.0834084726480908,0.005475001309418183
2023-08-21 10:59:14,0.82027342,0.0034311393753218102,0.030719588797345754,0.05468212277494338,0.08361777339921979,0.0007245362082127331,0.0534376927271449,0.0034734741124517314,0.0,0.032314700113526176,0.0014619392986448885,0.2445747155271434,0.06130896722507687,0.0006570712326354853,0.00037374007188676744,0.044502517801538466,0.00029490166968428375,0.029400417593029915,0.02459947869469873,0.19114334772287503,0.0011999604166166929,0.0006483660555822807,0.048327854868166174,0.0004328991672252353,0.08321069522307148,0.005462099923957761
2023-08-21 10:59:34,0.83027676,0.003400300563604612,0.03068384434220327,0.05514306771376172,0.08346689606503256,0.0007174171252966602,0.053706118677574244,0.0034532127579079623,0.0,0.03220331805303268,0.0014664165487032106,0.24482811223669448,0.061832459230897946,0.0006578080231696385,0.00037016645135132004,0.044631384622410314,0.00029398452243310617,0.02940306799550644,0.02447298772520897,0.19055906896344588,0.001195859258898958,0.0006473671907728292,0.04795889827205836,0.0004359061743172659,0.08301028181457673,0.005462055671140851
2023-08-21 10:59:55,0.84028009,0.0033572813015021754,0.030683953438234525,0.05563741138846852,0.08344646024297467,0.0007122101809214362,0.053888347833813834,0.003436007058146114,0.0,0.03212112111758491,0.0014679775937175238,0.24503130845195784,0.06237595745237255,0.0006603701466331533,0.0003715988583358506,0.04444506007955886,0.00029275651274910476,0.029357386812240115,0.02439427233320296,0.18988226771717387,0.0011944383585349068,0.0006484650429048949,0.047932432512904646,0.0004369699787490153,0.08276160643925691,0.005464339148061533
2023-08-21 11:00:16,0.85028343,0.0033180475929636237,0.030652776031243324,0.05595661146835945,0.08339913894434452,0.0007109969899746761,0.05406699211495811,0.003424970206060483,0.0,0.03205220355706894,0.001463725621339514,0.24547694638656611,0.06263427054232289,0.0006575143832165582,0.00037492053082415833,0.04468289257982225,0.0002925055604796874,0.029379600642270583,0.024105745123755337,0.18954106853637875,0.0011945923834129277,0.0006506561394877426,0.0473425832704364,0.0004356862456952475,0.08271146201565674,0.005474093133362087
2023-08-21 11:00:36,0.86028676,0.00328561839863521,0.03064053525686599,0.05633196212589557,0.08334564905770397,0.0007064270370895504,0.05424982401794994,0.0034190958767116326,0.0,0.032005176240005304,0.0014678466647783611,0.24593659941797563,0.0630276255739155,0.0006641500865130396,0.0003721392465200301,0.0446708791222124,0.0002907060829703714,0.02944509588573949,0.023773848913958465,0.1894318654756335,0.0011897878657152847,0.0006473924727956841,0.046527767546167165,0.00043272133383351916,0.08265298884548736,0.005484297454927239
2023-08-21 11:00:58,0.8702901,0.0032447431783709196,0.030631688366402426,0.056761502230135194,0.08331620056499225,0.0007087000223870273,0.054411479592001405,0.003412634148425849,0.0,0.031972258156912924,0.0014621005037143632,0.2462537249579792,0.06353889866490879,0.0006844788454722752,0.0003708384511019684,0.04454596972815524,0.00028818112981765975,0.029478904098068366,0.02361953407742487,0.18894036932627456,0.0011878582250401256,0.000647539298406921,0.046184772922688494,0.0004310728013148367,0.0824101996740653,0.005496351035939222
2023-08-21 11:01:19,0.88029343,0.003208867136782696,0.03060643615647444,0.05708283067015897,0.08320652195276296,0.0007048112448497459,0.05466829657201987,0.003393881924740839,0.0,0.03194411110232359,0.0014653616425686269,0.24630154401530638,0.06399706471183998,0.0006916790116051623,0.00036980718988982125,0.04461395848297685,0.0002857485936474941,0.029429290778302215,0.02353577613328304,0.18845281340238618,0.001192671432230226,0.0006484292773093777,0.046141405252122694,0.0004351320817385135,0.0821350212984319,0.005488539936248504
2023-08-21 11:01:41,0.89029677,0.0031736586841011488,0.03057968544719841,0.05739319097110408,0.08318733211048604,0.0006997016372119105,0.05489979961187987,0.003364109648132661,0.0,0.03187836283685899,0.0014731169597755882,0.2469022833295097,0.06431613173147142,0.0006872752888789083,0.0003667044291459729,0.04483994249791324,0.0002887152275274064,0.029422697465042495,0.02324884845772197,0.18808484990979746,0.0011877540682313794,0.0006486265883418742,0.045509040716564315,0.00043515856281537205,0.08191849902975938,0.0054945147905303355
2023-08-21 11:02:03,0.9003001,0.0031384071484435528,0.03062534977644799,0.05785274668259782,0.08318251963431615,0.0006979537055004982,0.0551075364163082,0.003357723981626402,0.0,0.031786765809057045,0.0014700153469729088,0.24735267376454972,0.06471002707828666,0.0006858710710643916,0.0003672186854872781,0.04495592512030702,0.0002849443700181567,0.029440442394174853,0.02292772916911009,0.18764332176312165,0.0011899936948043621,0.0006457216075749923,0.044782373340953155,0.0004329992617712598,0.08184898555325344,0.005512754624252154
2023-08-21 11:02:25,0.91030343,0.003114433344374822,0.030676631671735566,0.05828543358611224,0.08323613186016746,0.0006915601767919783,0.05533721999112516,0.0033484528324233443,0.0,0.03177939571032988,0.0014632127833893557,0.24766505867220603,0.0651156365969045,0.0006829549253227348,0.00036306711593217967,0.04502716367727875,0.00028874586634764236,0.02942546342239738,0.022623104687175953,0.18749488340765652,0.0011914358222129854,0.0006463473497369623,0.04395716535550795,0.00043449906098436114,0.08164252060912165,0.005509481474764573
2023-08-21 11:02:48,0.92030677,0.003078858858397507,0.030695458492251776,0.058781938963715745,0.08316671418541766,0.0006980717343181891,0.05558030282632015,0.0033340030511490567,0.0,0.031768772558635576,0.0014554451823499725,0.24777042739008204,0.0655992014998285,0.0006804052757718117,0.0003622279135407186,0.045138898485934095,0.0002870861222868552,0.029396816559487227,0.022465554421838178,0.18708286942055338,0.001186208070377942,0.0006434835530255809,0.04348120497052139,0.00043953057518897185,0.08139386111098237,0.00551265877802515
2023-08-21 11:03:11,0.9303101,0.0030530732164484697,0.030721108109740908,0.05923451475592916,0.08318576991420892,0.0007001246234419422,0.055814873704526716,0.0033163493357061804,0.0,0.03171411831650733,0.001454747907920437,0.24804377887307574,0.06604104560565754,0.000691482436143267,0.0003591842008649276,0.04507421974274347,0.0002859704329446568,0.029427208850858023,0.022306408973371415,0.18649547132717878,0.0011814118331410425,0.000642410716782809,0.04315818512815736,0.0004434669980543481,0.08114993374841102,0.00550514124818553
2023-08-21 11:03:34,0.94031344,0.0030275713715444473,0.030743519253734457,0.05953063080168734,0.08317403248767408,0.0006971220317378052,0.055957914465625605,0.0033023241933241095,0.0,0.031729029244995696,0.0014519030191949282,0.2483357473407543,0.06639989094375782,0.0007053714354686811,0.0003568917746658231,0.045236625614361425,0.00028880511847404643,0.0294290351945609,0.021976553964096767,0.18642570805579775,0.0011749525435454612,0.0006420155160117099,0.042473097120143403,0.0004451518867854864,0.08097988432614141,0.005516222295916508
2023-08-21 11:03:57,0.95031677,0.0029992919385286093,0.030714054576469793,0.059856736886898916,0.08305460240032818,0.0006974881858463805,0.05628149788737516,0.0032916865769411453,0.0,0.03172253057625234,0.0014509599837126284,0.24860445229379077,0.06682843034091614,0.0007081501640321948,0.0003527601873515912,0.04532817326170463,0.0002876433388353675,0.02944163549632857,0.021790754186221367,0.18595011577601767,0.0011702176743007453,0.0006434451974162354,0.042061816136870864,0.0004435590226975459,0.08079833625842366,0.005521661652739454
2023-08-21 11:04:19,0.96032011,0.00297984271368155,0.03071444428576613,0.060221829052003545,0.08294028899630762,0.0006972021776392965,0.056410276958051585,0.0033062170356591655,0.0,0.031704248573740275,0.001445133685420419,0.24881853445818225,0.0672170798093311,0.0007108856856283002,0.0003515642412486661,0.04546703062499039,0.00028619733608511603,0.029436554273367787,0.02160897336177938,0.1856260565262879,0.00116297462381131,0.0006483122807088105,0.0416678610884299,0.000442605884447343,0.08060705443844653,0.0055288318889856304
2023-08-21 11:04:42,0.97032344,0.002939110012017751,0.03072196698357138,0.06093670394368524,0.08278303220484325,0.0006894396405488326,0.05675471896747248,0.003281598710453615,0.0,0.031702551809694716,0.0014554914407586086,0.2491301699805702,0.06809323829728656,0.000706981984077321,0.0003509577592291177,0.04566623867360276,0.00028438343926922595,0.029427507598064503,0.021227342314174797,0.1849585104820913,0.0011573348274301369,0.0006520791618636189,0.04080798156492976,0.00044391071430821506,0.08028459343968822,0.0055441560503683126
2023-08-21 11:05:04,0.98032678,0.0029124423024405126,0.030665995119514757,0.06138046001001657,0.0826963385711203,0.0006881376081638257,0.05692070798205311,0.003260664137103597,0.0,0.03164405053645959,0.0014566569135664768,0.24968132064528453,0.06844904445942214,0.0007018035662245679,0.0003484561757524156,0.04590524449314816,0.0002818889050904212,0.029388966340303413,0.021133570920618256,0.1842398745655112,0.0011526739120185435,0.0006510777822116889,0.040380990269678355,0.00044284739369543114,0.08009351409491504,0.005523273295687309
2023-08-21 11:05:27,0.99033011,0.002885311217150326,0.030672593503612604,0.061708004712024714,0.08264080220460993,0.0006843498580574492,0.0571590999533641,0.003239355190327161,0.0,0.03172315583189267,0.001451701699789827,0.25012126814444824,0.06876570487448053,0.0007032557551294719,0.0003469007386060439,0.04621322230108292,0.0002821290029286268,0.029403407105492236,0.020826433684271752,0.18382316023139067,0.0011459951354754385,0.0006518492742846533,0.03969083644726265,0.00044196513842532643,0.0798828955483388,0.005536602447553773
2023-08-21 11:05:51,1.0,0.002849072130662063,0.030619569575572915,0.06221571316522966,0.08243523657367827,0.0006818748301529269,0.05768236174535861,0.003218942256956985,0.0,0.03163203966199259,0.0014526878838248072,0.25037852165448404,0.06965171900177,0.0007058522555201929,0.00034527300117881594,0.04659382065919951,0.00028198034409777234,0.02933874516629771,0.02053288589651415,0.18293970159185205,0.0011442091687694585,0.0006552834448818592,0.03905321057840557,0.00043758131879073945,0.0796294387466312,0.005524279348178181
