2023-08-21 10:38:52,0.01000333,0.003615750443075596,0.019569783204366094,0.020846998577981397,0.08478419894225044,0.0005061091143720422,0.0603954862051245,0.005608924482566745,0.0,0.03573066431278987,0.0005149765293731597,0.1702142107102013,0.022480523122935536,7.591617372835302e-05,0.001291135863485828,0.036064243206681675,0.0,0.03777743686414113,0.014714751291596771,0.3509720871297648,0.0016963883282767626,0.0017065012207546082,0.002401091944182158,0.0019520618390756331,0.11945952198036115,0.007621238512914665
2023-08-21 10:39:00,0.02000667,0.0034458071630857593,0.024066374813779733,0.02217368063097107,0.08281034990360285,0.0044157158323311066,0.058597279560568295,0.006794115952644649,0.0,0.026826433699636488,0.0017091780190665448,0.16820926067463043,0.04364909317238735,4.83147082262411e-06,0.0006373851133780926,0.03819436358544379,0.00016527783713934637,0.04689681577377927,0.011990214368319745,0.31597690545835355,0.0013793046875907565,0.00031157016290092685,0.015193418958369481,0.0003981992919535667,0.114741684874563,0.011412738994681372
2023-08-21 10:39:09,0.03001,0.006662851449092036,0.02343938490824414,0.02959204029470262,0.08256030598864311,0.002241847089301112,0.06655979801576672,0.007047211232934987,0.0,0.03301109179691254,0.0016146377629728673,0.17285837682527988,0.04223909334333691,0.00027532708116219704,0.00034265955074753816,0.037362243714600854,0.00014785437489102892,0.04005733106846186,0.013365361526009228,0.29315514016926875,0.0009290144981821006,0.0002546888101864756,0.01699489481033299,0.00027395255050761876,0.12054224079874455,0.008472652339717803
2023-08-21 10:39:18,0.04001334,0.005382313370102975,0.023753178733898345,0.02711513114718967,0.1069286012597629,0.0021687018214751985,0.04906342735293764,0.005169780474405786,0.0,0.031799360695802935,0.0018461691381620787,0.2340027399096842,0.04572239443894529,0.0005643434600870348,0.00023713760557365072,0.03683966651950493,0.00014669166246502756,0.031506076107100274,0.012983518684868814,0.24698326275010574,0.004160727709780166,0.0005821125099244867,0.01562833428131394,0.00045267445903279547,0.1096601855241707,0.007303470383705732
2023-08-21 10:39:26,0.05001667,0.0053831506471440594,0.026028937685560073,0.03043246593912482,0.08584243334564569,0.001226271563815689,0.03789196799918487,0.005841731106049908,0.0,0.03548721747070282,0.0012846586989124678,0.23811887709295307,0.04733749223642558,0.002399038576378257,0.0004771490175702721,0.036731862337895375,0.0002506459220052893,0.03236266072415313,0.014337860054869107,0.25048978797416,0.0027215778150263036,0.000333216068125083,0.017223496476166975,0.00044846131729928606,0.12105853099926316,0.006290508931568827
2023-08-21 10:39:35,0.06002001,0.005003274173437061,0.027135852187146293,0.03710125868461131,0.07810195944852845,0.0011770815865498815,0.04277268375237556,0.005064520575719819,0.0,0.0388677176086469,0.0017893766325140109,0.22110065392530057,0.04554169569439524,0.003447109809274004,0.00042846329124195185,0.03683930043663882,0.00015233665555216148,0.03144953886772169,0.024447284938644575,0.23190718272311703,0.00196483473508561,0.0004155362302964506,0.04389808065290848,0.0003748282820107877,0.11240368216033596,0.008615746947947343
2023-08-21 10:39:45,0.07002334,0.004476824307794969,0.026323672860777796,0.037530515903176125,0.08112761424454079,0.0009070172164349695,0.0409982143916162,0.00435011704793457,0.0,0.040086837999266205,0.0018113917946396283,0.2205149424575824,0.04645389078380284,0.0033164639078626817,0.0003760710086773414,0.037799352417551065,0.00017700834738142163,0.03178383016454973,0.02566492621459458,0.23184711104791905,0.001985642993242462,0.0002508201598978833,0.04383103530737043,0.0007200500123793407,0.10916568592664025,0.008500963484367319
2023-08-21 10:39:55,0.08002668,0.004420477375147104,0.02689913090985333,0.03931826627470265,0.08205356888507369,0.0007959358813043747,0.041069419455262504,0.004093356981923713,0.0,0.03949852971808733,0.0020832742049561605,0.2225288875957993,0.047932780338524404,0.003387932301470972,0.0003536588462398708,0.038532836986925084,0.00023506293308588953,0.030646513503398098,0.026072599040402312,0.22813511361485445,0.002063673234957183,0.0002625685372780238,0.042821480000833356,0.0006716876703285542,0.10796817213472161,0.008155073574870183
2023-08-21 10:40:05,0.09003001,0.004555723042902791,0.02662120138860816,0.038031209835435835,0.08887094120995527,0.0008034493531018969,0.041352807299551146,0.004566587420277399,0.0,0.04253722099153329,0.0020408283574450516,0.2303835235746007,0.043975553908167,0.002459080309404582,0.00031908566963995084,0.04369629584395091,0.00016986086742926592,0.03346484596186249,0.019145979235724527,0.22817987892799796,0.001405714021950633,0.00021730047249977268,0.032032206160429184,0.0003753517141666506,0.10919041573520138,0.0056049386981643174
2023-08-21 10:40:15,0.10003334,0.004255194348200095,0.028421390001942784,0.0380607787245425,0.08865343488874909,0.0006511743424026731,0.04063292932381421,0.0047332379681915785,0.0,0.042375614985839104,0.0030287721637114635,0.2298019144541772,0.046887691508149726,0.002402153970603515,0.00038067105025743744,0.04197509015251631,0.00018925351786667,0.03353625647619158,0.01854113961618851,0.2270513789622933,0.0013406512921282801,0.0004327846175695059,0.031624272464996536,0.000350342501591056,0.10850660593872671,0.006167266729350133
2023-08-21 10:40:24,0.11003668,0.00393254454963079,0.028298404668339355,0.03825260556488426,0.08723932521928277,0.0006124325218109888,0.04181910178993468,0.005621109970528351,0.0,0.04449877291340457,0.0025066460300253407,0.2309618100233929,0.0460419807651276,0.0022657323916390683,0.0003660244510757728,0.04505682527285081,0.001105363248094091,0.03274468161188381,0.018607809666742445,0.22414445275730283,0.0015174474964974284,0.0003460226032739046,0.032728824874206565,0.00048757858484647833,0.1046116758183628,0.006232827206862322
2023-08-21 10:40:34,0.12004001,0.004155444974507456,0.026536464002657377,0.03852823260447429,0.08518207056522377,0.0005384643850516889,0.042142325052741535,0.0045109832241723114,0.0,0.04303602496338857,0.0023846269845629814,0.23473015870002006,0.04583820755005455,0.0022250382189231356,0.0008470458393459496,0.04458263089936917,0.0010276845175584168,0.03322527722578684,0.017935095234885907,0.22564248760766642,0.0013089685612766321,0.0003557719683270186,0.0338322367517941,0.0004646176869434907,0.1043598648319438,0.006610277649324469
2023-08-21 10:40:44,0.13004335,0.003944061458832238,0.02584974778499993,0.04215781097387909,0.08602147731919815,0.0009600344214348281,0.04366821826437482,0.0042439044152418155,0.0,0.04117068933893872,0.0019274836239772544,0.24471796172959498,0.047647612963333856,0.0020537093924623143,0.0007674805124794819,0.04429205991482754,0.0009943306825380993,0.032284971101690506,0.017729821535143617,0.2173262090324653,0.001110989821483659,0.0003429805342110973,0.03300547953478207,0.0003829856371032273,0.10155447139376998,0.005845508613237319
2023-08-21 10:40:54,0.14004668,0.0038666433556551268,0.02549993551603982,0.043333548831898785,0.08638016116134363,0.0009037743299513588,0.04278182316145497,0.0041008724611015296,0.0,0.040334061720486515,0.0018703475913279726,0.24579385458943134,0.04795764859481687,0.002022237924226354,0.0007512762387870456,0.04573910350507174,0.0009112355660757574,0.03143037463593239,0.017361185772862317,0.21636987426530693,0.0010811788343609249,0.0003211858417055137,0.032632291073330794,0.00045996777602551206,0.10244014849080074,0.005657268762006216
2023-08-21 10:41:05,0.15005002,0.0036029932744931974,0.02559465501247299,0.04435717797501584,0.08625073772681353,0.0008561548900945288,0.042666387697508266,0.003923258455305114,0.0,0.04042863320022687,0.0018306103278851902,0.2477357196979142,0.047202608612398264,0.0021211238305020633,0.000714630252283229,0.045978496703585496,0.0009154570290901189,0.031615905576375704,0.017505419264816968,0.21588850403352983,0.0010644459105078744,0.00031879135138957756,0.03310554537343246,0.00048615789218118383,0.10028346742252678,0.005553118489650466
2023-08-21 10:41:16,0.16005335,0.003378476348849021,0.024974526762480794,0.04505318548004348,0.08695145141983984,0.0008156210973858965,0.042529270502573095,0.003897446321094759,0.0,0.038820730446346256,0.0016810094434946805,0.2527312659068268,0.046629632355558503,0.0019240527549095018,0.000670710246246548,0.047371196934506775,0.0006637943856621699,0.032149803427677405,0.020209737102220356,0.20688162069827293,0.000993153251277536,0.00037773902198096125,0.034034741108128694,0.0004417200013166749,0.10152424796827265,0.005294867015034462
2023-08-21 10:41:28,0.17005669,0.0034011118895344605,0.023411142139530435,0.04455335616571858,0.08801442232512495,0.0009718249687304571,0.042005647269205026,0.0035531991501995676,0.0,0.0393393683673101,0.0016368104167738843,0.25711169855913335,0.0462684114828935,0.002069937236850392,0.000627070036823723,0.04849267484565862,0.0006571005170297672,0.0314263502081223,0.019992541020025477,0.20006353204519148,0.000893921602294574,0.00029230446218892533,0.03577572661008208,0.0009833596377976403,0.10256877728417733,0.0058897117596035005
2023-08-21 10:41:39,0.18006002,0.003442360226668687,0.02367841943103741,0.04477041895538222,0.08863304622600743,0.0009432887430273321,0.042324420230472504,0.003447778439342758,0.0,0.03884435401195942,0.0013455646942128095,0.25544185180278073,0.04580948381578118,0.002038353583762655,0.0006577332986765671,0.04839425631671626,0.0005826788630092053,0.03157153492517792,0.019581460079869054,0.2015796682731744,0.0009290750011007304,0.00031156479415709253,0.03573813733414048,0.0010227448139140214,0.10344796960367272,0.005463836535956429
2023-08-21 10:41:51,0.19006335,0.0034917839026468193,0.023356503005675506,0.04455362933293,0.08770090654977684,0.0008955847131251297,0.04278613903817613,0.003256825499840644,0.0,0.039553089736865533,0.0013191724600051273,0.2546378575109722,0.04578547473471024,0.00203415173831685,0.0006898184032613576,0.04928861026569247,0.0006139051110179597,0.031532465918370625,0.019361512653671028,0.2021850595151951,0.0009695477508705684,0.000323424867046088,0.036579274236784365,0.000883364414997141,0.10253340345511426,0.005668495184938172
2023-08-21 10:42:02,0.20006669,0.003632627244623845,0.023407375397055827,0.04475744658334332,0.0867133234349296,0.0008882283524330244,0.04226663764590103,0.003335527827767572,0.0,0.039399452088871995,0.0012954660555828425,0.2537174098655801,0.048138005954427944,0.0019641719502101773,0.0007160566218633079,0.04932069834456978,0.0006024853978736304,0.0325188581493597,0.019435371509892514,0.20066821777656083,0.001042475428988218,0.0003460816915151835,0.037050916986702875,0.0008803484888245213,0.10208773077661226,0.00581508642650982
2023-08-21 10:42:14,0.21007002,0.0036981605839320475,0.023833827968087105,0.04435744270780134,0.08603269943728407,0.0008860998034941802,0.0421358029933358,0.0034776659763539382,0.0,0.03981298212668945,0.001258926009056672,0.25445514913982004,0.048580631069697594,0.001980811952595594,0.0007245290697489198,0.050351122636731506,0.0005849331296447365,0.03204043167446358,0.01900517813346829,0.20075507830493414,0.0010280322836794494,0.00032148202152279315,0.03642122007217327,0.0008502266717537911,0.10163839217082306,0.0057691740629085215
2023-08-21 10:42:25,0.22007336,0.0035592267549805386,0.0243690816551365,0.04503684649657721,0.0861485521607575,0.0008842564629791719,0.04302260615494376,0.0035419713721773923,0.0,0.039178905103235954,0.001291956512718821,0.2555036236746664,0.05002595481513887,0.0019737265211923465,0.000746183512503748,0.04996233340047174,0.0005759626164085456,0.03203936819594054,0.019091252320258028,0.20078139866345576,0.0009680877375265447,0.00030272573269295514,0.034238695703307884,0.0008013946069865987,0.10018738427553059,0.005768505550412413
2023-08-21 10:42:37,0.23007669,0.0034885408646601695,0.024776319175043134,0.044934195779398556,0.08605623865715621,0.0008555682899839698,0.04298146631192431,0.0034301620583795196,0.0,0.03954164378940019,0.0012844933624709554,0.2569658728118539,0.049471230742839996,0.0019128810568849854,0.0007295670824529702,0.05010756609988068,0.0005764737768648233,0.03165026804807235,0.018826938551929805,0.20099434932373658,0.0009737044690764928,0.0003498720225523838,0.03414527037831843,0.0007947501588362505,0.09954916649110349,0.005603460697180211
2023-08-21 10:42:49,0.24008003,0.004878614674474646,0.024952676819035194,0.04511557522404855,0.08557995033940605,0.0009192611207808445,0.04310932643375803,0.0033830035926770445,0.0,0.038795923174009116,0.001271934465384568,0.2566523917948645,0.04945623708299923,0.0018059560169763234,0.0007280713921969647,0.04871031269790088,0.0006021218861633384,0.030910876825468423,0.02068767503305561,0.2004340330049021,0.0009024606960862477,0.0004175445308015471,0.035899286288743434,0.0008080744964446779,0.0980200773828522,0.0059586150269703925
2023-08-21 10:43:02,0.25008336,0.0050499289810534125,0.029183535292059706,0.04944485892643309,0.0871850170746788,0.0008151319500504258,0.04513762029227599,0.003989473227087158,0.0,0.03398109249505083,0.0012243504011677456,0.2576867658739319,0.060357203061667856,0.0010420766584292602,0.0007340017044945572,0.04500288532769574,0.0005876429225818343,0.03242667407150266,0.019882611433670146,0.19547319283270134,0.001446476289404274,0.0005036591375408145,0.03191631495985665,0.000800378369180657,0.08974333363223196,0.006385775085253277
2023-08-21 10:43:15,0.2600867,0.004958206598483211,0.029141116234895643,0.048735776587938075,0.0877085494830909,0.0008170272290409737,0.04528542111579422,0.004084443943521325,0.0,0.03390949678596222,0.0012128489343764908,0.25700749330280676,0.060229965380111196,0.0010028889480090696,0.000715651357837833,0.045819603881301615,0.0006001575653090838,0.03286762560010143,0.019573351410361636,0.19605535294385104,0.0013699958688885797,0.000502311143800182,0.031118827998106384,0.0007884659326624398,0.09030307019347962,0.006192351560270252
2023-08-21 10:43:28,0.27009003,0.005135153145102125,0.02840970596841393,0.04934473662081109,0.0867645430653105,0.0007714675584884696,0.04587814965610932,0.004036717716401344,0.0,0.03383962277262164,0.001202127129954102,0.2608190372676773,0.06007148558278314,0.001063260310122656,0.0007159233429600073,0.04549321992569286,0.0005991025483402161,0.032851942737769466,0.019568699581366446,0.1937889964387429,0.0014827381438742551,0.0005468531267077727,0.031163408099186263,0.0005860801736387164,0.08969451246565881,0.006172516622266596
2023-08-21 10:43:41,0.28009336,0.0048808782921955975,0.02871277924996678,0.050980516221350906,0.08600809446690214,0.0007629443543522231,0.04623587421053439,0.004329823853223589,0.0,0.03329735859331031,0.0013973796662141253,0.26048975403646935,0.06094258036290628,0.0010280691611904177,0.0007084898220989405,0.045106746616700874,0.0005935213193793138,0.032459284968362256,0.01964635786252144,0.19344358678166013,0.0013608553191611825,0.0006006440706964026,0.0311406176696873,0.0006368353830591277,0.08933945112327735,0.005897556594779736
2023-08-21 10:43:53,0.2900967,0.004748451999613976,0.02908601054294719,0.052458989478338214,0.086804258412382,0.0007382857031965104,0.04624904169167801,0.004398171676995619,0.0,0.03360599152940462,0.0013928793793215124,0.2609433223526161,0.06131653687200086,0.0010114952249536153,0.0006438903119336426,0.044129239157049936,0.000585570536458828,0.03195755151893454,0.01899553944230189,0.1939646250253789,0.001313314778364629,0.0007226629129859441,0.030441115819152292,0.0006060347397059759,0.08811015709343731,0.005776863800847858
2023-08-21 10:44:06,0.30010003,0.0046088927325607775,0.02971392158323863,0.051853442890302616,0.08808451025284014,0.0006043845250647801,0.04622763193084104,0.004318042367060009,0.0,0.033873656452817334,0.0014343784628750584,0.26077002603294425,0.06079130475154097,0.0010261556214059134,0.0006441904158750299,0.044670184569603595,0.0005603343571592994,0.03157174793531828,0.01898700431393987,0.19322011539925957,0.001363070653321711,0.000769822188815012,0.0308962641354629,0.0006173040281499888,0.0876932623147346,0.005700352084868401
2023-08-21 10:44:19,0.31010337,0.004516052093755411,0.029666116644595356,0.05222013503478752,0.08736764170364629,0.000626039311131656,0.04649809301151337,0.0043193341111343875,0.0,0.03341946733392796,0.0014420751596996683,0.26328849020836476,0.060381378577870085,0.001002911984528437,0.0006445048611396767,0.04422300441419295,0.0005576224024206857,0.03157776798145117,0.019605422430817743,0.19044091848444866,0.0013662290570296235,0.0007796978069187623,0.03224187170881738,0.000614947599398763,0.08752477402843091,0.005675504049978917
2023-08-21 10:44:33,0.3201067,0.004459749006726612,0.02932618213404835,0.05264382809995621,0.08791232051400119,0.0006077352013793859,0.046790025498472915,0.004282939243758159,0.0,0.03376628380402498,0.0013861648394176862,0.2618647082455855,0.05977286526469886,0.0009740898228478362,0.0006514445050916542,0.044075774620232024,0.0005291954841009594,0.03108576730992469,0.019948601785121724,0.1910515543324884,0.0013771752840135883,0.0007876082735316324,0.03332025696684797,0.0006181011403807634,0.08717113803695914,0.00559649058638983
2023-08-21 10:44:47,0.33011004,0.004515526863545206,0.029314414376202948,0.05316973562026818,0.0884219698783768,0.0006814552683461328,0.04644783976641857,0.004264516405164013,0.0,0.03386332835209445,0.0013758274918659553,0.2629619829406367,0.05952272494169022,0.0009535235020927164,0.0005382140795043539,0.04321056369502627,0.0005221972856217815,0.03146962518450476,0.020251477811951118,0.1895820225750092,0.0013776724701325008,0.0007883816230422328,0.033438871041509464,0.0006089239999115005,0.08711872534086179,0.005600479486223066
2023-08-21 10:45:01,0.34011337,0.004633374657633353,0.02943731679298009,0.053329175842251095,0.08888681677543445,0.0006345415782631159,0.04604534413291887,0.004308338808469606,0.0,0.03412702178865458,0.0013882481342998366,0.2631471316839782,0.06046886412266349,0.0009375114455293903,0.00047539928657687924,0.04386898834269841,0.0005601741278971922,0.030764362974065446,0.02012035154238193,0.18805665892154844,0.0013794243442229208,0.0008527701114835516,0.033274361404437125,0.0005499294477382236,0.08733125300110303,0.0054226407327707645
2023-08-21 10:45:16,0.35011671,0.004586112693708674,0.029475331602947644,0.05343512700765034,0.08846895340256446,0.0006182990613477245,0.046835752294497636,0.004255489457527945,0.0,0.033840690436551524,0.0013904395682625072,0.26289448243861135,0.060558372073770274,0.0009503257191770899,0.0004706695382670596,0.04319799659375374,0.000542944075865401,0.030341781755784242,0.02037076735950372,0.18929773014666423,0.0013361634498360198,0.0008052272517310706,0.03428656083721284,0.0005597399592722664,0.08606413249246339,0.005416910783028884
2023-08-21 10:45:32,0.36012004,0.004481187517976012,0.029702411804935214,0.05415223064718043,0.08789775273758653,0.0006121345203498784,0.04715609443833766,0.004011436894976243,0.0,0.03344062593122359,0.0014539192915597973,0.2624555984300727,0.06071217665947056,0.0009772205844405953,0.00046648879967754536,0.042806666455142715,0.000342690270432743,0.03070891284834424,0.0205399427782671,0.18912501596021292,0.0013341514606091125,0.0007976582616599364,0.03513334054052688,0.00047500830240353886,0.08576605709876974,0.005451277765844241
2023-08-21 10:45:46,0.37012337,0.004436700137800342,0.0297025071759478,0.054687956983874055,0.08708618947128095,0.0006153601414992213,0.0480090436449409,0.004097909565855789,0.0,0.033326571880756516,0.0014569539840189006,0.2628939733311788,0.061182326293837436,0.0009492819009343725,0.0004376681317538888,0.04403870224258194,0.0002978464645313877,0.030983170620487662,0.02081231983614112,0.18661361590924516,0.0013383135538213183,0.0007805298994988013,0.03526845416822372,0.00045958263972430217,0.08526545501211734,0.005259567009948225
2023-08-21 10:46:01,0.38012671,0.004424114494908186,0.030264834126584265,0.0561957528560968,0.08379377073339585,0.000606670159533412,0.05176372192384319,0.003907541829010568,0.0,0.033773150406415986,0.0016613413744123175,0.2522732605937238,0.06265302872479864,0.0009213999277466854,0.0004249451831796053,0.04701757037463264,0.0003124277898942014,0.03047163685834655,0.02149877506804524,0.18990705182584225,0.0011541236496696934,0.0007915594377709637,0.03570135767583598,0.00046348292234206875,0.0843600203020493,0.005658461761921967
2023-08-21 10:46:16,0.39013004,0.0037642060790273922,0.030315662850998647,0.056972777104202406,0.08370027034558518,0.0006003271242768323,0.05242565647941031,0.0037938445811907585,0.0,0.03328512234078647,0.0016403334644742504,0.2518848861797758,0.06304011071090314,0.0009041943744595752,0.00045440820988884817,0.046527731808414984,0.00031110224554674716,0.030756079546391174,0.021619561273545987,0.18970671025715094,0.0011087742839008508,0.0007582918418601575,0.03608559916444889,0.00043188330487877163,0.08424255270408625,0.005669913724795632
2023-08-21 10:46:32,0.40013338,0.0036738827912995956,0.0304327912294122,0.05687232854986434,0.08349953637647847,0.0006181255033744892,0.05275695686695301,0.003782253933697834,0.0,0.0333656239711421,0.0016380951841456937,0.2517443586582121,0.06307259902652519,0.0008926491511390047,0.00044382662941677047,0.04623487682342159,0.0002920437039747948,0.03052493478298978,0.02160518723430204,0.189469694339681,0.0011061939768102014,0.000751869024194157,0.03710763475573277,0.0004326143883011746,0.08409127538880481,0.005590647710127073
2023-08-21 10:46:46,0.41013671,0.0037066103227785274,0.02997465583764565,0.05761578557557964,0.08308189674013848,0.0006242365320005756,0.052967701194276746,0.0036616310868730433,0.0,0.03283403675195086,0.001997512455617729,0.25020545615410555,0.06626978949159922,0.0008670914168700004,0.00042586512569436224,0.04662056679670787,0.000283603981526437,0.030298318121112083,0.021433294177487006,0.18841519276289762,0.0010542088552038995,0.0007263473911197307,0.037409822267423024,0.0004303913996573443,0.0835264678484433,0.005569517713291454
2023-08-21 10:47:02,0.42014005,0.0035333079287103116,0.029803190981252784,0.0558415042043031,0.08416506591413131,0.0005985176859368095,0.05456341767935307,0.0037764912745484372,0.0,0.033568880272085266,0.0016871726544131133,0.25232076677348764,0.06416408027367453,0.0009384060021249645,0.000390829425373308,0.046133509666982944,0.0002718058467347299,0.031140232785950975,0.021019879696046885,0.18844189049331403,0.001001374470719541,0.0007798966771947392,0.03679356552755141,0.0004548135664304327,0.08319961571417331,0.005411784485506388
2023-08-21 10:47:17,0.43014338,0.0034238245727687554,0.029892050595421285,0.05537844358188,0.08410112645990893,0.000601761594298631,0.054538370218428556,0.003825117527493888,0.0,0.03351429326780791,0.0016510771442338498,0.2507395338094294,0.06404929945043718,0.0009193334856824678,0.0004672580110293035,0.04597434720569719,0.00026925709491064837,0.0309537170063808,0.021204573639165652,0.19044394269291237,0.0010005057382610194,0.000748731911353153,0.03677852997077463,0.0004390705194890848,0.08361121720080511,0.005474617301430505
2023-08-21 10:47:33,0.44014672,0.0034563941515053293,0.029874090235688634,0.05682018448269672,0.08417109983365942,0.0006037123810856645,0.055143964196237356,0.0037721094793707562,0.0,0.03332777108392162,0.0015696463989309615,0.25036654116520124,0.06486620615584025,0.0009167252619586619,0.00045388294355372036,0.04600851030961173,0.00027719219499078724,0.03056968733382948,0.02109494817080213,0.1890084835512241,0.0009696594816887918,0.0007531459471061582,0.03658117187678914,0.00044270380134066675,0.08361196954064198,0.005340200022324567
2023-08-21 10:47:49,0.45015005,0.0034708553863702055,0.030003146547352134,0.05679778699678991,0.08446837468902017,0.0006127283080244793,0.05518558928084844,0.0036570086118935087,0.0,0.03329048176744853,0.0015552121941837804,0.25062852040263595,0.06465360032549665,0.0008741701078386969,0.000434022580783845,0.045958062012472975,0.00027996042292348464,0.030368567741271047,0.021467048272972244,0.18852921589844265,0.0009788050204500587,0.0007422543817872878,0.03682081911554633,0.00043638068760356213,0.08344963463122235,0.005337754616622052
2023-08-21 10:48:05,0.46015338,0.0035056185471351977,0.03043150289986585,0.058902926086551094,0.08337041187380878,0.0006145261333331058,0.056496347065320855,0.003615438499733751,0.0,0.03285053245229633,0.001490130337695449,0.2486349892133146,0.06581185748506573,0.0008229284545824303,0.00038805531547465134,0.0455992467287727,0.0002699160086492003,0.029931268659571478,0.02100270144520085,0.18897488301130658,0.0009873664734414212,0.0006979594302302184,0.0366876456655037,0.00048195972315629403,0.08275212404113189,0.005679664448857853
2023-08-21 10:48:21,0.47015672,0.003445180670963464,0.03056608433841635,0.05948636923268945,0.08347175241666768,0.0006056972743897485,0.05599365937852793,0.0036649409258365136,0.0,0.0328460924097069,0.0015324867838318404,0.24750226420270136,0.06697090174929264,0.0008077684830697409,0.0003694792053498035,0.04526534278341371,0.0002729386151063727,0.029864775582745095,0.020940313448198584,0.18839247287857092,0.000985804003563532,0.0006588860874969504,0.03680324197893649,0.000498771141880236,0.08323336330912869,0.005821413099515855
2023-08-21 10:48:36,0.48016005,0.003414051125337872,0.03019932836247238,0.058580567755662755,0.08343868197159464,0.0006109172644645325,0.05476815133445565,0.003615074230357216,0.0,0.032756747685401946,0.0015396017321503105,0.24838689314873097,0.06703581373976229,0.0007913446742295278,0.00037340132321678134,0.04547212377538112,0.0002689984675757666,0.030195374895169567,0.021060795855443615,0.18951913347936822,0.0010227118098164168,0.0006601660372798594,0.0370456946860804,0.000451988679549613,0.0831394809103051,0.005652957056193306
2023-08-21 10:48:53,0.49016339,0.0033417360163737414,0.02986524542449627,0.058929469533048104,0.08286760752155463,0.0006242654385225127,0.05616772443762138,0.00348473096091636,0.0,0.03264453892054466,0.001521949116211586,0.2502090751952981,0.06735847859160435,0.0007575919453016854,0.00036931646153812284,0.04596947684883511,0.0003456168263987726,0.030485740994210756,0.021178440937391154,0.18688728394952753,0.0010210187631417163,0.0006468705604106867,0.03729861675715613,0.0004345938857837639,0.08196597978862494,0.005624631125487662
2023-08-21 10:49:10,0.50016672,0.003460932717097739,0.030223230815812824,0.05937441249345766,0.08273546742106094,0.0006282202622867213,0.055308169950842714,0.0034716128646434144,0.0,0.032318416410274976,0.00147376927593691,0.24971972400024695,0.06729603020283252,0.0007539308791859972,0.00037720111371793163,0.04558237269850247,0.0002926037011142908,0.030061546025221715,0.021191254548558643,0.18851437076140362,0.001043325729229094,0.00065104241962482,0.03725633375628089,0.00044283845344296214,0.08225838723305735,0.005564806266166695
2023-08-21 10:49:27,0.51017006,0.003458887608848838,0.03042383285448064,0.05976821591446806,0.0826141650338124,0.0006589394772141869,0.05535551991986635,0.003391122699865805,0.0,0.032155779722677205,0.0014424092006649046,0.2498497497402183,0.0674368234566502,0.0007431450812281466,0.00040732274802033074,0.045716942837495125,0.00032091859989243846,0.02997043723674841,0.021221427070782384,0.1881434411085203,0.0010521053557299349,0.0006633388555265945,0.03720306448240479,0.00045195456120974823,0.08195132740805243,0.00559912902562254
2023-08-21 10:49:43,0.52017339,0.003413559876790289,0.030456901461979467,0.05940557842344779,0.08283239106271814,0.0006899273683977413,0.05530672706059274,0.0033765037701339253,0.0,0.03206849618381546,0.0014382922859645891,0.25031553040835014,0.0673090521747089,0.0007378248982288027,0.00039869186426452535,0.04603673316216708,0.00032731554441971255,0.03004736114944808,0.021111390127285412,0.1877641410310793,0.0010710561666081354,0.0006751441863068996,0.0372628329824056,0.00044446154613270574,0.08193445741624844,0.00557562984850627
2023-08-21 10:50:01,0.53017673,0.003449650470053355,0.030423196982218455,0.05927794289157755,0.08268863122911382,0.000699252063708669,0.055375063028467786,0.003413178437289239,0.0,0.03208717205392174,0.001438254131512086,0.2501305930534374,0.0673331206272657,0.0007497430442347025,0.0003987367362823718,0.0462548754533488,0.00031993717816362156,0.02982646152631924,0.021120126286066687,0.1880473556136242,0.0010775130309582362,0.0006605962948076031,0.03726524079627989,0.00043507191805225995,0.08197202212677786,0.005556265026518701
2023-08-21 10:50:18,0.54018006,0.0034305719801171856,0.030398870983089098,0.05901504605818999,0.08265369088734177,0.0006844753558232649,0.05560850174481061,0.003400237138086803,0.0,0.032112941441029684,0.0014509162099253308,0.2503617629223846,0.06699642748160685,0.0007461863508576664,0.00038611585872180127,0.04628300878372618,0.00030786417427751243,0.029765754616186295,0.02110263840382643,0.18842153735720077,0.001083656496624756,0.000662507143819497,0.03746169376199466,0.0004298096783389013,0.08168675324879668,0.005549031923223752
2023-08-21 10:50:37,0.55018339,0.003410906397052223,0.030453433378607914,0.05919527058691522,0.08246016968160873,0.0006721163817508606,0.05584396929588004,0.003414274156406066,0.0,0.03202469703594062,0.0014678684702004756,0.24990836967172672,0.06685947002563387,0.0007508427983162839,0.00039307720335449045,0.04633646637997603,0.0003135906258639753,0.029695653759108438,0.02138870911649441,0.18804978493392424,0.0010776221858333373,0.0006638719470549876,0.03819544876195849,0.00042762836701925607,0.08145629990328364,0.005540458936089623
2023-08-21 10:50:54,0.56018673,0.00336011103256451,0.03050429731825141,0.05932696020994403,0.08200833803943385,0.000661309003010803,0.05614292222047427,0.0034024171523739017,0.0,0.0319797944627542,0.0014526055107810594,0.24893583763917823,0.0668747180458555,0.0007285308568323405,0.00039539760563725456,0.04650121258219392,0.0002956660962134214,0.029577785915838036,0.02138448848601869,0.1884287717440767,0.0010854338202347519,0.0006624904199781852,0.03873130925043371,0.00043209637285904256,0.08152881895345299,0.005598687261609104
2023-08-21 10:51:12,0.57019006,0.003328198548954464,0.030654467306465077,0.05905210742159081,0.08206320998310257,0.0006700264084362692,0.05624371736099083,0.0033829216516141772,0.0,0.031986385913098166,0.0014820809753491517,0.24835195937404633,0.0666706176946051,0.000748391722721764,0.0003932012796566047,0.046211190513833454,0.0002971236414547397,0.029486533698844544,0.021398609434700035,0.1888672077086634,0.0011082754845149541,0.0006662654265807816,0.03905802081530137,0.0004432150057189174,0.08191920131248083,0.005517071317275679
2023-08-21 10:51:29,0.5801934,0.0033181589907444967,0.030875272195403255,0.059065135419520715,0.08198253965894857,0.0006759935925412321,0.056212512942092355,0.0033358976653536905,0.0,0.0321365648462897,0.0014403739083994707,0.2480375865669469,0.06671310232823358,0.0007246013598257286,0.00040503056852717533,0.046213529898909846,0.0002886210631342576,0.02939939797567186,0.021420214280794672,0.18896845612577626,0.0011152735237070217,0.0006678424940707284,0.039278495856480806,0.00044319874877540155,0.08178039884351833,0.00550180114633402
2023-08-21 10:51:46,0.59019673,0.003305623495338354,0.03095786465736641,0.059084193481446015,0.08190988658715012,0.000686235034301225,0.05605148397081379,0.0033167276606106905,0.0,0.0322771454071783,0.0014610039051284802,0.2480498878046287,0.0665284796542026,0.0007115323248126079,0.00039359592388447424,0.04610618630335153,0.0003019556762756481,0.029513087871816533,0.021205508490484273,0.18931975704314755,0.0011041459997646256,0.0006813596756207493,0.03929600094592039,0.00044749905766872246,0.0817826932526208,0.00550814577646739
2023-08-21 10:52:05,0.60020007,0.0032697298749731767,0.030975391882357938,0.05900842918174834,0.08209797372473826,0.0006848194309119627,0.056031238512917345,0.00330913122913873,0.0,0.0322724624222003,0.0014435218046126167,0.2480951491117075,0.06664333086163195,0.0007152283918857082,0.00039281077468204643,0.04628507841145268,0.0003069319385861625,0.029510074196451654,0.021131799761643092,0.18919762071061957,0.0011181735653627565,0.0006783048482882897,0.03927657548326987,0.0004409182178784523,0.08161879620610933,0.005496509456832368
2023-08-21 10:52:22,0.6102034,0.0032518435507205286,0.030944622752449424,0.05902871974141562,0.08225108667519904,0.0006849782089827034,0.05603338600865264,0.0033096619538269113,0.0,0.03223757210236499,0.0014287789683747126,0.247961215450179,0.06674912548264966,0.0007244057443858546,0.00038917428693419206,0.04622872830437594,0.00030726554731088035,0.029487132202520163,0.02106673782889879,0.18925249936922023,0.0011356260856387591,0.0006745975176537539,0.039255084401837094,0.00043858361353077673,0.08169746971838887,0.005461704484489778
2023-08-21 10:52:40,0.62020674,0.00322952736754953,0.03093239940527126,0.059117480300757266,0.08230989943918483,0.0006844276111695646,0.05599884821712558,0.003315639837608512,0.0,0.03232375072417669,0.0014053917907731527,0.24811795754548668,0.06680291358427176,0.0007222467125315062,0.0003830035404368593,0.04610071222289858,0.00030040834694077385,0.029465589424401018,0.021045004106441105,0.18899153072899208,0.0011344667511829444,0.0006714461157670249,0.039289211959962544,0.0004398032043334124,0.08175093188084671,0.00546740918189057
2023-08-21 10:52:59,0.63021007,0.0032088188412845407,0.030979210273798786,0.05909508594962467,0.08244939629157987,0.0006925492136509327,0.056029904590332094,0.0033357121934632543,0.0,0.032366758129344295,0.0014127615548573734,0.24819190183173453,0.06653920296847048,0.0007128139261552083,0.00038691393748429377,0.04596869964599199,0.0003013130321515115,0.02955247395299627,0.021101895604361195,0.18879456219519225,0.0011387422170367298,0.000671081751468941,0.03943729152751299,0.00043908530897909695,0.08169171505401672,0.005502110008511995
2023-08-21 10:53:18,0.6402134,0.003200108159296396,0.030974702512771707,0.059095977039291585,0.08246606946257351,0.0006938794774415033,0.05597800084657319,0.003347760020712303,0.0,0.03235443141513692,0.0014038495433165677,0.24792657016327516,0.06663237694068176,0.0007083632782988919,0.0003825648507291113,0.0459605162800408,0.000299878722892708,0.02958223331940183,0.021137764641844577,0.1887851808302143,0.001130591575815657,0.0006646405363828973,0.039584725762923954,0.00043738714021943347,0.08174473102154207,0.005507696458623187
2023-08-21 10:53:39,0.65021674,0.0031789357556649,0.030928727058444645,0.059069081098131436,0.08241477550099142,0.000692849170922221,0.05595140229960689,0.003323758258717931,0.0,0.03233156845738099,0.0014064635412759268,0.24796266362249003,0.06680324311125815,0.0006998327728542728,0.00037718726468633054,0.045936659374719135,0.0003014187728142453,0.029508368869655365,0.021150546062846835,0.1885885559854494,0.0011557734962681955,0.0006608627151099297,0.03973662874658737,0.0004285559355825131,0.08185084821991377,0.005541293908627888
2023-08-21 10:53:58,0.66022007,0.0031720253629406625,0.030996154452833297,0.05912819511146922,0.08243302211389088,0.0006841693022024461,0.0560185621380709,0.003310978723270005,0.0,0.03235916493507494,0.001433682098468351,0.24795384418433453,0.06673053427727908,0.0007027614986104357,0.00037809856445866926,0.046014244927631065,0.0003025140365786289,0.029395988202907574,0.021165546655116652,0.18865151186653314,0.0011578461828528057,0.0006509076219342801,0.03961331299826976,0.00042974945112428647,0.08178338490120803,0.0055338003929401355
2023-08-21 10:54:17,0.67022341,0.003157211855498191,0.030991287067587827,0.05912181797458051,0.08245492170291666,0.0006994457972180128,0.056174929190498386,0.0033039694161215256,0.0,0.03225025825557134,0.0014472176364462301,0.24763528685732678,0.06742184269393829,0.0007014892799441727,0.0003923839676451562,0.04583092269502353,0.00029628084588381455,0.02933228698899616,0.021236404865821606,0.1882892083418356,0.0011457957988885788,0.0006433336094870261,0.03992040383790794,0.0004401185887504778,0.0816376292465004,0.005475553485611703
2023-08-21 10:54:35,0.68022674,0.003143200551215812,0.0309536965139927,0.05915650119867475,0.0825741347481992,0.0006938352364256327,0.05612790126684573,0.0033133124874907306,0.0,0.03215200315709878,0.0014544367429960162,0.2477891242280232,0.06746785472296031,0.0006992876637968105,0.00038574681313055943,0.04574826090139803,0.00029417730392546586,0.029384901617649915,0.02114557217690958,0.18824273625321136,0.0011418053768655978,0.0006505245080192582,0.03996472433357847,0.000438322188337674,0.08155416156163574,0.0055237784476190556
2023-08-21 10:54:54,0.69023008,0.0031633348501171133,0.03100662719952119,0.05900690427900103,0.08269585802433564,0.0006988872749271641,0.05597111327670804,0.0032903918807987574,0.0,0.03219168105914846,0.001447978296007596,0.24780078559172455,0.06726780615361458,0.0006989591677102179,0.0003826449273240249,0.0457178017924463,0.00029360691469477394,0.029278963602902233,0.021123464763597527,0.18858848144219723,0.0011434130981290808,0.0006574086096898866,0.040042952806495086,0.00043928255965970425,0.08159639034168491,0.005495262087564913
2023-08-21 10:55:13,0.70023341,0.003157606901586568,0.030957739592472815,0.05885820005929981,0.08270338857508384,0.000698806391194016,0.05588779470921604,0.0032857232032557234,0.0,0.03223275445783538,0.0014553947434240244,0.24758763063320127,0.06703873271724048,0.0006947821792844229,0.000388048039932276,0.04596075355239746,0.0002876446634097408,0.029252545656316825,0.02143661707365863,0.18865294125194257,0.001143287583296012,0.0006542224416757302,0.040048436813948145,0.0004399658100854453,0.08162886319021127,0.005548119760031749
2023-08-21 10:55:32,0.71023675,0.003153524228620149,0.03094353326704652,0.05898622198857987,0.0826457984329864,0.0007001149523316265,0.055907973625345365,0.003282664406659867,0.0,0.032239827243395615,0.0014468384834229325,0.24764624646192623,0.06733989208605552,0.0007000966031980661,0.00038623594923777233,0.04602150269020296,0.0002837412480132493,0.029252913762676146,0.021706550636582122,0.1882362589179614,0.001137351893372613,0.0006567813720583575,0.039880773169226676,0.000439216485355229,0.08146685687501296,0.005539085220732458
2023-08-21 10:55:51,0.72024008,0.003126221974648795,0.03094028528575591,0.05905929399516367,0.08269265272403617,0.0006983879669167518,0.055998872436507335,0.00328259334928533,0.0,0.032237411262057564,0.0014530511202208295,0.2477765301087779,0.06728874271556443,0.0007094093252155608,0.00038570445347633467,0.04595416829906673,0.0002869529194554431,0.02927168994274543,0.021698856842920212,0.18809051142000327,0.0011354073220327498,0.0006621728211575217,0.039883443926036904,0.00043282072754990297,0.08139906303675383,0.005535756024651358
2023-08-21 10:56:11,0.73024341,0.003115010161485589,0.031023361748203963,0.05922038497746499,0.08259217217810645,0.000699109350457983,0.05602377906839303,0.0032743134824540655,0.0,0.0321266793082124,0.0014487412559849653,0.24812308182551351,0.0672707478178179,0.0007036333398610257,0.00038470748952958915,0.04605251678829412,0.00028998881143436607,0.02929501830540228,0.021607304886182562,0.18800539416511683,0.0011363015368145194,0.0006562034182714332,0.03975125203477927,0.0004277692267790984,0.08120925368955191,0.005563275133888025
2023-08-21 10:56:31,0.74024675,0.003093928642185761,0.030844998584973957,0.059406233777850474,0.08263902149287417,0.0006918502510860305,0.05594902797760215,0.003273920714795234,0.0,0.03224459837181309,0.0014590111120676467,0.24824990818784634,0.06732859882830222,0.0007077305811821459,0.00038311647355540097,0.046082958861235014,0.0002925668245329272,0.029281869649548282,0.021667317395636824,0.18774312981232583,0.0011413610244432155,0.0006549628275625513,0.03983657953729534,0.0004223007123663916,0.0810271884634335,0.0055778198954856365
2023-08-21 10:56:50,0.75025008,0.0030794370502624023,0.030841765431622644,0.05947491736063837,0.08269046413433599,0.0006902579756873926,0.05605324100666003,0.0032879726931401457,0.0,0.032208770333383104,0.001458678713961495,0.24826733860951616,0.06736124670073781,0.0007056591095309771,0.00038156038836374337,0.046148520271532316,0.00028896070652818253,0.02933465857000571,0.02158245980212072,0.187629250487316,0.0011394634181560474,0.000654262914209935,0.0397257729129071,0.00041609200281149454,0.08100407236050107,0.005575177046071112
2023-08-21 10:57:11,0.76025342,0.0031042689182622578,0.030818502351192618,0.059444270680640746,0.08277417796527016,0.000694951672871773,0.05601901111636154,0.0032901364692200325,0.0,0.032204940573891463,0.0014613939168507117,0.2485699558049425,0.06736983157716757,0.0007113925602343072,0.0003846373838912987,0.04608172874348296,0.00029289565333220235,0.02932610658479415,0.02152536783336276,0.18745507238047726,0.0011508752543264915,0.0006470768118415349,0.03959318339173229,0.0004161586011705391,0.08107441825209995,0.0055896455025828285
2023-08-21 10:57:30,0.77025675,0.0030916521151735537,0.030800800605180746,0.059554917567903876,0.08295578315484102,0.0006984927583322628,0.05605973122395198,0.0033071372040082868,0.0,0.032117626578682876,0.0014545053018004035,0.2486183209947376,0.06729693601518057,0.0007112348505632777,0.00038274500388824285,0.04606177398838401,0.0002923225976209928,0.029322649624281303,0.021501399495709863,0.18718188303722166,0.0011502498269287422,0.0006494624005159915,0.03966552964401897,0.0004183623313642654,0.08113716562789122,0.005569318051818617
2023-08-21 10:57:50,0.78026009,0.003090252208800019,0.03080524117902578,0.059618450233359384,0.08291937076950028,0.000694020505711594,0.056115630623488594,0.0033043644862249502,0.0,0.03207016884648335,0.0014546990058259496,0.24858799724623767,0.06733375848345276,0.000709884674319663,0.00038399519732700883,0.04622374115530922,0.0002917324029878967,0.02928713891880197,0.02151554534178206,0.18697816357798785,0.0011466985032002395,0.0006410906160098371,0.03977272448944411,0.0004212295198993069,0.08104234390055742,0.005591758114263363
2023-08-21 10:58:10,0.79026342,0.0030933451724640434,0.030820342071212224,0.059692407897639,0.08280159763447816,0.0006939524778896448,0.056140245136705666,0.00329265056905151,0.0,0.03201196261950769,0.0014560577928851575,0.24900125822153796,0.06738479021984489,0.000705689203113493,0.00038217878580399663,0.04620921370035934,0.0002884386117956744,0.029333586543854717,0.021377003661301335,0.1869698780043426,0.0011444503781304484,0.0006433126098763447,0.03973922523704325,0.00041774460406125973,0.08081078466116648,0.005589884185935196
2023-08-21 10:58:32,0.80026676,0.003081682312536045,0.030754051566092764,0.059736112551086254,0.0827986364178467,0.0006895948483235837,0.05611688072700565,0.0032698053283588984,0.0,0.03199597957995852,0.0014601186454970632,0.2492873087597236,0.0672921525953728,0.0007089712189938915,0.0003790675372542839,0.04616985780729602,0.00028810919162831065,0.029366728040483295,0.021341067552847842,0.18685818340854754,0.0011433255832719738,0.0006391443929535663,0.039781642069724496,0.00041901279696889205,0.08084248302420056,0.005580084044027225
2023-08-21 10:58:53,0.81027009,0.0030685577243207817,0.03081853620029358,0.059744641228491824,0.08275224761546089,0.0006904048812701136,0.056152644594709325,0.0032684439395491397,0.0,0.03201086184516036,0.0014602641264323483,0.24932207750875415,0.06736130993784359,0.0007074704398484181,0.0003790039328604591,0.046093425744620824,0.00028601504227613315,0.029422649634502866,0.02130334289564863,0.18673450293811042,0.0011427541672299243,0.0006478874419313153,0.03991835162173455,0.0004221601035955866,0.0807273644278715,0.00556508200748321
2023-08-21 10:59:14,0.82027342,0.0030604795447001436,0.03078878314407997,0.05984128804492669,0.0827714867444052,0.0006901867535606024,0.056193916177845984,0.0032744908342631674,0.0,0.031942286618348685,0.0014662617215150898,0.24908509038997748,0.06748443432441069,0.0007055728001945438,0.0003764544751712936,0.046053790440645156,0.0002865541339776228,0.029400445124165994,0.021308627500352742,0.18675789240779855,0.001139871161431862,0.0006533009258771671,0.04005020314121669,0.00042385648413667526,0.08070233376511045,0.005542393341887474
2023-08-21 10:59:34,0.83027676,0.0030490941110144667,0.03075971799355285,0.06000912363880604,0.08270769652387949,0.0006831918980538024,0.05632292940943991,0.00326495204574568,0.0,0.031830172777356294,0.0014668085150966132,0.24909571071744968,0.06760755855087854,0.0007046499128924819,0.0003705392668657613,0.04614558809106655,0.00028588621107829623,0.029407939052319376,0.021352183393996287,0.18640763158801837,0.0011395468237861462,0.0006518999871051313,0.0401082807942376,0.000426361344942445,0.08066306150800578,0.005539475844412332
2023-08-21 10:59:55,0.84028009,0.0030387386476752286,0.030766527618613544,0.06000958734015099,0.08279703984351629,0.0006799292295532239,0.05622646443797587,0.0032681983223642754,0.0,0.031843488284536474,0.0014655184347116105,0.2491778162763277,0.06750550753306181,0.0007062868701118063,0.0003705503175494042,0.046057297202953804,0.0002845933931920577,0.029362036688109692,0.021412701912816343,0.18618685968234058,0.0011443967583270535,0.0006536254883269579,0.04035687428071478,0.000429249569552496,0.08072026748181516,0.005536444385702661
2023-08-21 11:00:16,0.85028343,0.0030202273508199377,0.030739689277900422,0.060177642345905676,0.08271633455279592,0.0006821549631247061,0.05627152388274809,0.0032669858810129553,0.0,0.03179953282687275,0.0014565634835498726,0.2492278841418291,0.06751090591865032,0.0006934889086271,0.0003767285022966798,0.04610990042972302,0.0002847808058843623,0.029368095586314848,0.021382489139363962,0.18605367341690052,0.0011471126515346865,0.0006553388069134523,0.04030313227419972,0.0004287790320168603,0.08079741277755834,0.0055296230434567885
2023-08-21 11:00:36,0.86028676,0.0030022535188507626,0.030685846519151936,0.06022588999796403,0.08269360305939323,0.0006808998114568019,0.05626039392015667,0.003264715399844934,0.0,0.03175785173059905,0.001463506314312756,0.24942662781406968,0.0675980302310233,0.0006884789227376529,0.0003743168945468222,0.046029036284710965,0.0002832601799676171,0.02941083386958511,0.021339195352067325,0.1860777153775449,0.001144811055086056,0.0006519371665295976,0.04021214681115538,0.0004266426652892324,0.08078299877792684,0.005519008326029343
2023-08-21 11:00:58,0.8702901,0.00298656083269755,0.03070519064098225,0.06046709994429479,0.08257506889844923,0.0006848001811272152,0.05634372993609939,0.0032609143746277634,0.0,0.031771958505099375,0.0014556331652796383,0.24938357369867437,0.06785813728593917,0.0007042970090839054,0.0003736175393886292,0.04595223612643013,0.00028185247993567803,0.029480085543259857,0.02133202352281778,0.185750508377464,0.001142046775113508,0.0006496725627889034,0.04021847413943293,0.0004258479478206961,0.08066871969106276,0.005527950822130353
2023-08-21 11:01:19,0.88029343,0.002971837765049685,0.030691081214168383,0.060557008672765054,0.08256633923921147,0.0006827593836378438,0.05648289325754504,0.00325896059672544,0.0,0.031793644855863376,0.0014603173072231415,0.24933320806296458,0.06803787319931563,0.0007065462022102663,0.0003721512560008345,0.04595203890793943,0.0002805175744650692,0.029445127900172598,0.02129470376645449,0.18552054353378367,0.0011471217352001849,0.0006514106071002273,0.04025123307196562,0.0004304499141276865,0.08059669481135964,0.005515537164750759
2023-08-21 11:01:41,0.89029677,0.002963683351741153,0.030662455602082517,0.06056053900471061,0.0826145913574505,0.0006795388388992748,0.05652155164806769,0.0032410531257770583,0.0,0.0317557358046448,0.0014656454476073852,0.24948398327039056,0.06802540042158736,0.0007005071533001902,0.00036814543115881916,0.04609932036411298,0.00028457564131725724,0.029457437763516402,0.02119991136030262,0.18550243417656587,0.0011439140839776454,0.0006524761291117957,0.04007940946186098,0.0004298245362302948,0.08059482065626913,0.00551304536931693
2023-08-21 11:02:03,0.9003001,0.0029533671811749055,0.03068494455175671,0.060679665478942796,0.08264631877446037,0.0006787730901602226,0.05654327165835883,0.0032420569012393463,0.0,0.031676025071297825,0.0014617795646953346,0.24971495592511253,0.06797516961430614,0.0006993677678955059,0.00036977379575942076,0.046184222909535715,0.00028127002287889373,0.029451115104295853,0.02115246002653846,0.18525339506181956,0.0011488310651589788,0.0006494787715412213,0.04001309138119899,0.00042752146231358237,0.08058768645828263,0.005525458361276159
2023-08-21 11:02:25,0.91030343,0.002948980805384086,0.030681722218070914,0.060795674991469165,0.08274986220570849,0.0006751079518029072,0.056602217861875206,0.003238060115046544,0.0,0.03169714671370635,0.0014530341743138634,0.24983679072311207,0.06799637225258102,0.0006960784325546399,0.0003646092602523375,0.04615480509141946,0.0002856139370688199,0.029426302387854153,0.021079057442063173,0.1852307073384181,0.0011562647015369474,0.0006509943992240007,0.039790079979514864,0.0004301122391853304,0.0805389463853052,0.005521458392532186
2023-08-21 11:02:48,0.92030677,0.0029368794572005776,0.030675213390551813,0.06096115334644995,0.0827426340887317,0.0006838098135900686,0.05668424779175289,0.0032353738276716154,0.0,0.03167275648758559,0.00144466073247291,0.24987984138824476,0.06809646585230368,0.0006945599713833264,0.00036261955463574315,0.0462572493265069,0.0002848191962153351,0.029362152487021346,0.021014277377974774,0.18505214190107427,0.0011546221592340395,0.0006472029665696253,0.03973758494121913,0.0004363543626633007,0.08046201259590331,0.005521366983043325
2023-08-21 11:03:11,0.9303101,0.002932271538345042,0.03069845761820558,0.06103624264537111,0.08280037268769991,0.0006886395638119648,0.0566788660699139,0.0032358881665586767,0.0,0.03167861265001667,0.0014455423174593773,0.24998496241069487,0.06807503075722626,0.0007064671511970593,0.0003602374787879496,0.046137991846075775,0.00028413091026374443,0.029394635288856788,0.021034928616423285,0.1847540595626292,0.001154170712581929,0.0006455441305606997,0.039907264269710016,0.0004398574634933134,0.08041809415348321,0.005507731990633611
2023-08-21 11:03:34,0.94031344,0.002918307138569993,0.030705863432135272,0.06114766212591774,0.08281206358503562,0.0006869844794301417,0.05677295496800895,0.0032336139714634234,0.0,0.031674676600984164,0.001444241678533424,0.25005488380027474,0.06824820398885609,0.0007163905125149568,0.00035741379991656186,0.04624130334540336,0.00028738410385348263,0.029367703254832477,0.020932041956717457,0.18465442844555,0.0011505162636480956,0.0006446584487781799,0.03973269154357428,0.0004407436630667504,0.0802650347637296,0.005510234129205259
2023-08-21 11:03:57,0.95031677,0.0029129290525190935,0.030672945019911284,0.06124420229241779,0.0827587459041651,0.0006886687519082235,0.05695697401096648,0.003230423480847443,0.0,0.03166847438867033,0.0014473860970958255,0.2500690167817989,0.06837590384246099,0.0007181871684218232,0.0003526035583303614,0.04626811404258913,0.00028583822927910374,0.02938875171793257,0.020896296902064425,0.18437436251555453,0.0011512460290542396,0.0006454820817258196,0.039747833003669804,0.0004398727363930727,0.08018573959090616,0.005520002801317458
2023-08-21 11:04:19,0.96032011,0.0029097536281446007,0.03068440244725257,0.06134000964913689,0.08263262547806922,0.0006911496200569051,0.05695806068248339,0.003252249496546449,0.0,0.031689578671121536,0.0014425891372313088,0.25008746266900905,0.06843923809723987,0.0007178505836506045,0.0003513982529266422,0.04640736823801205,0.0002851250239462321,0.029405262506198297,0.02083825079078141,0.1842616468367492,0.0011466709043084107,0.0006498215966792871,0.03970260336358845,0.0004396358438878693,0.08013978938403264,0.0055274570989472605
2023-08-21 11:04:42,0.97032344,0.0028908212327985183,0.030670320182540043,0.061607655573416444,0.08256830046543051,0.0006854448124162524,0.057056795966624614,0.0032389592758857,0.0,0.031721172733471796,0.0014516199541368673,0.2502148369605428,0.06877327468450704,0.0007143443628917161,0.0003504194518550448,0.04649937453475217,0.00028385209413266533,0.029381333595316743,0.02072117102553926,0.1839063505666785,0.0011444812050386925,0.0006528760922164611,0.03949236868689201,0.00044168575981488325,0.07999512997601112,0.005537410807090073
2023-08-21 11:05:04,0.98032678,0.0028829801088185386,0.030631321664637876,0.06179600681947741,0.08260911001398173,0.0006856503919356271,0.057081118200494385,0.003231960146172842,0.0,0.0316684651191594,0.001455958128219138,0.2503443881331264,0.06886222394011067,0.0007056685638304453,0.0003484599702547228,0.0463621263355698,0.00028137668916814883,0.029376160763706242,0.02077328564029559,0.18374315894479368,0.001145277215756803,0.0006525515867203148,0.03941494160955706,0.0004422166662784651,0.07998508591280953,0.005520507435125238
2023-08-21 11:05:27,0.99033011,0.0028682517940511777,0.030641455888136528,0.06195776938425474,0.08260837122985187,0.0006825749570987476,0.05724461691138064,0.003224203832503117,0.0,0.03170431761895357,0.0014509024472416224,0.25051512988132896,0.06899728012260314,0.0007036212194334453,0.0003470459109435754,0.0464113964754343,0.00028186435883669874,0.029380053909677836,0.020645787556914093,0.18351967172730602,0.0011424208347774675,0.0006523414659868374,0.03922305706868038,0.0004423348905308013,0.07982073739123093,0.005534793122843273
2023-08-21 11:05:51,1.0,0.0028490721306623453,0.030619569575572707,0.062215713165227386,0.08243523657367859,0.0006818748301529598,0.05768236174535686,0.0032189422569571338,0.0,0.031632039661993266,0.0014526878838248282,0.25037852165448105,0.06965171900176688,0.0007058522555202048,0.0003452730011788242,0.046593820659199654,0.0002819803440977864,0.02933874516629776,0.020532885896515696,0.18293970159185519,0.0011442091687694825,0.0006552834448818664,0.039053210578408055,0.00043758131879075024,0.07962943874663266,0.005524279348178141
