2023-08-21 10:38:52,0.01000333,1.2878770694613713e-18,4.318889063619981e-09,9.202498923583955e-09,0.0036946809083155323,2.4743467159920097e-29,0.0003432026406175311,3.9651258283249524e-16,1.9471010630976942e-40,3.3477700603264056e-06,3.0155576049647106e-29,0.119534152715879,2.2339828383585162e-08,3.504672080993755e-36,2.3170928325628357e-24,3.6703540013471267e-06,1.9471010630976942e-40,5.780182754790823e-06,1.2539603686030846e-10,0.8508679076657577,7.604861286146448e-23,8.206982771983867e-23,6.575060132586208e-21,4.604279985600541e-22,0.02554722177597811,2.27613922225615e-14
2023-08-21 10:39:00,0.02000667,1.070704243177909e-22,3.5956198469425254e-09,1.109521678906244e-09,0.002388992067379067,5.244806713927404e-21,0.00013338463732414757,5.970867606441291e-18,1.6841218145183645e-47,1.6287018330904354e-08,4.2180493394548254e-27,0.13089154031076708,6.691786109388258e-06,3.748357146278284e-45,2.3703647871147093e-32,1.4628436987078454e-06,3.081076002958556e-38,1.4529018187565553e-05,7.537891728360212e-14,0.8463185650329319,2.4811400620676806e-28,1.25667664426429e-35,3.465069507851855e-12,1.5211377314200293e-34,0.02024481330786826,3.347594802628221e-14
2023-08-21 10:39:09,0.03001,2.5650178357338783e-22,4.367356154308038e-11,2.570820544778608e-09,0.0012148960917996064,1.508633018615578e-31,0.00015250945522986997,8.431309056658561e-22,4.1231462764032194e-60,1.523450837978543e-08,6.4324443133217556e-34,0.14936007206885135,6.021989962405697e-07,2.2360089937541128e-44,3.641831305072293e-43,1.024676991992835e-07,6.616432732296134e-48,2.8415115940039706e-07,6.815138098099468e-16,0.8277250774640088,1.6763671799811987e-37,8.207295261980343e-45,9.219794581114409e-14,2.0969174892255731e-44,0.02154643825316022,4.2966742068464396e-20
2023-08-21 10:39:18,0.04001334,2.1513421982069035e-28,2.384111984926561e-12,3.5958475357089447e-11,0.00539554125562042,2.0588993603553803e-38,9.237690468905373e-07,7.49480209108773e-29,3.757541768000855e-74,7.627481368881548e-10,4.416227332381555e-40,0.4507127585984168,3.2817624240396144e-07,6.55285924978647e-51,1.3022628361965524e-57,1.03463770835489e-08,4.853212567588464e-61,6.428004130550536e-10,1.8594249908291122e-18,0.5372736643043363,2.634575172659985e-31,1.1741115099069997e-50,1.7795583340416774e-16,1.1151529344289014e-52,0.0066167721060688064,6.5141374777017195e-25
2023-08-21 10:39:26,0.05001667,5.04061508691834e-36,8.693212787491039e-14,4.460835614340164e-12,0.00026235541668889105,2.780470139152862e-56,6.205166816523154e-10,8.133544544629209e-35,1.0585107413094546e-96,1.5242097253220327e-10,1.0725592441350834e-55,0.4522620323408192,4.672157566122807e-08,1.6922962067345875e-47,1.7740322891918964e-67,3.212973243273304e-10,1.481723329743986e-74,1.9092348532228508e-11,1.6112594133451791e-21,0.5394229598683759,9.05308426975176e-46,1.8246761592560032e-71,5.706367469062604e-19,3.5699890424035596e-68,0.008052604534665348,1.0211601141494152e-33
2023-08-21 10:39:35,0.06002001,8.2929544978024e-46,8.525727308019059e-16,1.483806769865605e-11,6.31093763317123e-05,5.937138467481892e-68,6.277201366732358e-10,1.3321123633343328e-45,5.119529514595794e-114,5.2965769868479336e-11,6.363811324154823e-62,0.45337674526167654,2.8556108607769397e-09,6.4963003663663835e-52,2.8591433478046565e-81,1.2173178416831734e-11,1.9750063333197986e-93,1.1042270844597416e-13,2.1071036017987448e-17,0.541652563407006,1.5367794500141354e-60,1.1957188020695875e-81,1.1870926049846573e-09,6.4789292020125106e-83,0.004907577204473918,3.3643742477353526e-36
2023-08-21 10:39:45,0.07002334,4.8305769352245095e-51,2.878507924228354e-17,4.7664971353168526e-12,7.116291759929618e-05,1.7564822636150078e-76,5.986244043358485e-11,1.5227453605363884e-51,3.670655416245142e-123,3.200672040193171e-11,6.422262425862463e-66,0.45080478054945156,1.56791021431885e-09,3.6480784544781776e-56,6.0153494101981565e-89,5.887867569952902e-12,1.2056015220712991e-98,2.4646374278362862e-14,1.0936982390981136e-17,0.5461593862135975,1.7938885478253123e-64,2.8767728477805284e-94,3.588972674197151e-10,7.2164328120317e-80,0.002964668289995939,4.2188997156001046e-39
2023-08-21 10:39:55,0.08002668,6.921859500770849e-55,6.598364990848876e-18,4.72006142277412e-12,5.617027497610148e-05,3.1590750513608154e-84,1.744406167983241e-11,2.56709173152122e-56,1.3349812311798876e-132,5.4268401895778054e-12,2.563849929638697e-68,0.4744573179049858,1.2202542341336352e-09,9.11856482424309e-60,2.4351823139763554e-96,2.5339410947231485e-12,3.9884173436706285e-102,1.0298169630510466e-15,1.8533755570399845e-18,0.5233582685753942,1.761629052038437e-68,1.427877836191473e-100,5.834340259106589e-11,7.396187651596885e-87,0.00212824193592021,1.0294511049596602e-42
2023-08-21 10:40:05,0.09003001,7.892053386984077e-58,3.210913223265117e-19,2.39930401620945e-13,8.138947501226007e-05,1.414959937700084e-89,3.47117962953739e-12,8.815984722824016e-58,3.8856075523419525e-145,8.193756258997006e-12,3.874985754915811e-73,0.5091225831230242,2.193342682155978e-11,1.0492739234832841e-69,3.7753241407967595e-104,1.8203376091543383e-11,1.9066524592940453e-113,2.7996565764213684e-15,7.188434841337629e-26,0.48941729293583613,7.266657818997053e-80,7.787212630204706e-110,5.508258333184608e-16,1.046012486540523e-101,0.001378734414082399,1.4560807116786024e-53
2023-08-21 10:40:15,0.10003334,5.421659616576926e-59,6.0612658069297654e-18,2.9141191456364373e-13,8.618390685350216e-05,4.8459508002428556e-93,2.3699460787937655e-12,7.819676104742789e-57,4.6530481040288646e-144,8.572335810546862e-12,1.099898542574003e-65,0.511571792868857,1.5731126697260557e-10,4.096657734520621e-70,1.8648401805861536e-101,6.435749613267446e-12,2.476266180736301e-112,3.625855888398291e-15,1.9225551415102838e-26,0.4869689666657228,7.607630203281013e-81,1.8313714031784302e-99,4.0843148603870946e-16,9.593521352707637e-103,0.001373056383582043,2.679886599419571e-51
2023-08-21 10:40:24,0.11003668,4.906117030211941e-61,3.708629244515413e-18,3.048871931030418e-13,7.478365738110542e-05,2.4733664869815807e-95,5.359660603465897e-12,1.005057418868445e-53,1.3145406969415365e-144,3.477904575987153e-11,1.0525516477644876e-69,0.5299161581888582,9.295941081977205e-11,1.3522687607184355e-71,1.930029886756848e-104,4.999607396403095e-11,9.219301820573999e-85,1.214228482389338e-15,1.2846996160333e-26,0.4690596580021803,5.399794125845172e-79,1.9655469964863583e-105,1.1922536757879136e-15,2.2669316597390336e-99,0.0009493999681788655,1.617719038824125e-51
2023-08-21 10:40:34,0.12004001,4.1639683898889927e-60,2.2318227038841366e-19,3.58997287052203e-13,4.6497606027289406e-05,3.0319433271352105e-98,6.288542770374484e-12,1.8797180205270967e-58,7.905230786163667e-146,1.1907578503013983e-11,8.763838741914722e-71,0.5395483598347688,7.560920471681188e-11,4.5205639139498794e-72,8.629231835614573e-90,3.3944200613641316e-11,3.1223466288486155e-86,1.94572844863005e-15,1.7549378787351074e-27,0.45957529224736793,8.360150245259852e-82,4.3071700545239027e-106,3.805232481257396e-15,4.945773126561474e-101,0.0008298501837219065,2.13465872741819e-50
2023-08-21 10:40:44,0.13004335,5.233151151848583e-65,4.808415534880636e-21,1.5198435840113427e-12,3.4280693329288666e-05,1.67127126253999e-92,4.7239648714603815e-12,1.7743982773447582e-63,1.3474508852092308e-156,6.941233639216582e-13,4.2581478866097143e-79,0.6215393532566588,6.732961931409456e-11,6.886652880380024e-78,5.451973604471343e-97,7.385348354158012e-12,8.244082677298157e-92,8.455752567939848e-17,1.795434947293472e-29,0.3780082017037338,1.227615737866954e-89,8.841297361475163e-114,2.0627178957390057e-16,1.828038872985426e-111,0.00041816426462495666,1.6753924396919282e-56
2023-08-21 10:40:54,0.14004668,4.849362582772137e-72,3.7728968971943105e-23,4.1407910339590254e-13,1.6820708728468228e-05,3.9557070872311532e-103,2.644009882959056e-13,1.0889096107133076e-70,5.469900151539159e-174,3.1381436571627855e-14,9.216259667216951e-88,0.6367606705370933,1.2000055760072756e-11,3.979997653127275e-86,3.2704916787846655e-107,2.5912379381586395e-12,5.977189734547847e-103,1.0473957475763848e-18,1.0588249946820853e-32,0.3629523143170383,2.908256844886292e-99,5.313971716655956e-127,5.64792235893343e-18,1.642513334576047e-118,0.0002701944218388073,5.542292107800232e-63
2023-08-21 10:41:05,0.15005002,9.610866830175299e-78,3.7534577395007104e-24,2.881412112335285e-13,1.075374795076098e-05,5.711534263693088e-110,6.992154949313992e-14,1.0248799081714378e-75,2.1229610689345806e-184,9.00079694144932e-15,5.064301730460448e-93,0.6506375047065346,2.4958127617642427e-12,8.879960696573907e-90,3.299801874468938e-114,1.0181761167245033e-12,1.994936861313894e-108,2.060789276942265e-19,3.734193451055955e-34,0.34920944086335787,5.306317973091279e-105,3.2837020808742754e-134,1.8017597100623762e-18,1.3417935924203951e-123,0.00014230067827587277,5.000093744273237e-67
2023-08-21 10:41:16,0.16005335,8.908411873608048e-82,1.8739332815069542e-25,2.568589820705081e-13,1.0571845848656675e-05,2.714473361563538e-113,2.976763109404075e-14,2.328728621410698e-78,4.12613840058652e-190,7.669169680898019e-16,2.1001667250529016e-97,0.7165558195798029,8.784920458464508e-13,1.8366625440063173e-94,8.29246120030406e-118,1.5233407648535713e-12,4.733787666820838e-118,1.4680402649004673e-19,4.078122897754705e-31,0.2832770424800961,7.039402595088404e-109,5.79806681103612e-132,2.2528673272856835e-18,5.573983322853522e-128,0.00015656609156321436,1.310919222428973e-70
2023-08-21 10:41:28,0.17005669,7.673462887800488e-83,1.792033818352378e-27,1.1560229673167417e-13,1.2159847563952697e-05,2.0555723875293946e-111,1.2042098786742894e-14,8.751072173931299e-82,4.863553273581538e-193,8.343733859568384e-16,1.4734601313297892e-99,0.7654892291257811,4.619334109473462e-13,2.595442646745574e-94,3.60158487206061e-122,2.4114164466732684e-12,5.609374695873406e-121,2.578119142230534e-20,8.019240021339196e-32,0.23432311773473183,2.147640738689266e-113,1.8710574983949682e-142,1.3100350459042901e-17,3.89244228407672e-111,0.00017549328892145125,1.0749162702057862e-68
2023-08-21 10:41:39,0.18006002,5.450431321172417e-84,1.176184868307712e-27,8.017915160670006e-14,1.1306337976953675e-05,1.0294932040582775e-113,9.038743082815696e-15,5.953683518626319e-84,4.362682996186898e-197,2.56458521849818e-16,1.6533953404268048e-105,0.7553883686351439,1.89132725425916e-13,3.3775242870502375e-96,1.2058058909005821e-122,1.3659628553278025e-12,8.377180526006918e-126,1.4374737657750815e-20,5.32610300992921e-33,0.24442668137662354,4.471373015708882e-114,6.435137748168145e-143,6.1371175597175395e-18,8.383612443244409e-112,0.00017364364861116466,4.817840584575655e-72
2023-08-21 10:41:51,0.19006335,2.8764825802648126e-86,8.089902490376108e-29,3.212390395278759e-14,7.459926135525108e-06,2.764268926025368e-118,6.365355405649228e-15,5.212914528964754e-88,2.2534137231794615e-203,2.2908365881918374e-16,3.8844275800530686e-109,0.752695424873602,9.229815268805314e-14,3.2004051494274585e-99,7.008884245004896e-125,1.3944331871635439e-12,5.805186533823398e-128,3.882810496795559e-21,2.6477388716663484e-34,0.24716806401838567,2.333513028241571e-116,5.254820382972017e-146,6.56498418565433e-18,1.2722794443240153e-118,0.0001290511803513508,3.014190368034211e-73
2023-08-21 10:42:02,0.20006669,3.265799401687553e-89,6.1988590849058554e-30,1.3610576317003719e-14,4.516361190839177e-06,6.3670915815316545e-124,1.2279416258870592e-15,1.814171447187277e-91,1.5700601933312655e-212,5.329457638485529e-17,1.3073736214573709e-114,0.760999300859915,2.397208097146387e-13,1.119504319914052e-104,1.3751752048508477e-129,5.957737998994978e-13,2.368561277501678e-134,3.432745203723852e-21,1.2203731713904532e-35,0.23889604368385836,6.791617768869993e-120,1.0648638427457116e-150,2.8832007997154416e-18,3.7629349773472637e-124,0.00010013909418545221,7.847478279805313e-76
2023-08-21 10:42:14,0.21007002,7.258780230940541e-95,3.998746230921579e-31,1.5999569940899149e-15,2.0193493303236076e-06,1.0322313066283734e-132,1.6010253749709111e-16,1.242366010535749e-96,6.669840289940673e-228,1.1004145514525475e-17,1.780850902754407e-123,0.7708015392339866,7.114473194908278e-14,7.260591777264818e-112,2.5620145408498693e-138,2.883606339751931e-13,1.3741435290972497e-144,9.771054536360434e-23,1.4692547387385675e-38,0.22913810474266808,9.735772228768019e-129,2.0183360770007124e-163,1.2197139738944322e-19,7.677628987042183e-134,5.833667365370991e-05,3.205685242359311e-81
2023-08-21 10:42:25,0.22007336,2.5749743155802157e-105,5.9821446227360236e-33,2.2673155277458666e-16,7.943666658737456e-07,5.803817747581581e-145,2.5559004998304066e-17,1.808174299465858e-105,1.006494285800666e-240,2.133733448296387e-19,2.1515944028464633e-134,0.7854222266796248,2.3504390607155037e-14,1.0464956085155002e-122,6.12643036581931e-150,2.2285711609873198e-14,5.416414714784017e-158,1.5867040100263036e-24,1.0542089417131102e-41,0.21455517652054887,2.1192835236797403e-142,7.808062688131829e-179,9.870385650790223e-23,8.106491534343e-148,2.1802433114514948e-05,4.798685295974307e-89
2023-08-21 10:42:37,0.23007669,5.322682755609195e-114,5.646392144587864e-35,1.294038002674169e-17,2.6737789059993763e-07,6.40581808955354e-151,1.3079111036173587e-18,1.5464126442155426e-114,1.003929328092136e-240,1.3247965686190282e-20,1.651996704619031e-141,0.8009238647380891,1.3043872896341147e-15,9.40876845229431e-132,5.041309149439117e-155,2.326149219774023e-15,1.4738049643637295e-161,9.066368376547064e-27,9.566830226848265e-46,0.19906734669844361,8.249841684055728e-148,7.070739134058218e-178,1.580825641360711e-24,9.039212502137421e-153,8.52118557309849e-06,1.8747172726169003e-97
2023-08-21 10:42:49,0.24008003,2.5958665485226382e-110,1.758189780700948e-37,9.929042627022258e-19,8.22879372880744e-08,1.3190702887476526e-152,7.960299017752877e-20,2.2759574760325193e-123,1.0022120207442508e-240,1.4161947602966175e-22,6.430189290153541e-146,0.814015134903953,1.1316847680907798e-16,4.287292422339968e-139,1.6628667003850528e-158,5.337914171961273e-17,4.484427324573217e-164,1.4732777579141686e-29,2.1277742016356672e-45,0.1859820443889907,4.895408777554022e-153,1.2564673595386214e-176,8.54584740394873e-25,9.629565408442352e-156,2.7384191188652996e-06,1.2823510085046005e-102
2023-08-21 10:43:02,0.25008336,6.767859371336685e-115,8.162427971371888e-34,1.2339391582669143e-17,7.902964788473403e-08,1.6566084540426513e-157,7.425786820555441e-20,1.7991259580051424e-123,1.0009042564644475e-240,2.7847654766821626e-28,2.019985415222188e-148,0.8497783347582855,1.773123523910026e-13,1.0971785808595126e-151,2.314588067200644e-160,6.225576965229477e-20,3.1277638654003218e-167,6.600148686982706e-30,1.587473550769977e-50,0.15022140754920413,2.1067360125433555e-145,1.8344532493031708e-172,1.7921367817838863e-30,5.48126931951267e-158,1.7866268511191112e-07,2.6927954916778213e-105
2023-08-21 10:43:15,0.2600867,3.165281583363853e-119,1.0918385525454708e-35,6.647710311842305e-19,4.082973089838843e-08,1.8326839462482403e-158,8.400187269954136e-21,2.0553210885624017e-125,1.0006626058288707e-240,7.37494694760872e-30,2.631258209070893e-149,0.8527187424220489,3.3413361029317177e-14,2.3118246793145216e-153,3.000750717123334e-162,1.7281006825157648e-20,8.040905301924341e-168,5.365330015052674e-31,1.8255103532641933e-53,0.14728111995145293,5.69500818494349e-147,9.483717240160613e-174,4.5447775187116454e-33,1.9342702409311633e-159,9.679673379006735e-08,2.747937475624739e-110
2023-08-21 10:43:28,0.27009003,7.225973941671144e-122,8.017122318462789e-39,8.219576338637665e-20,9.122653300987174e-09,1.6338781193225555e-162,8.396962511632023e-22,3.273288687886813e-129,1.000328233216809e-240,5.561660147290745e-32,3.3527840753424175e-151,0.8849250227467896,3.644274069901815e-15,5.3871936156623045e-154,1.3853752679651603e-164,4.825771227633614e-22,1.0819407410544587e-169,3.813412388206825e-33,9.97862844132733e-56,0.1150749418413434,6.984487935903705e-147,2.2385717596241756e-172,3.338375293245325e-35,2.579957166632999e-170,2.6289210001638567e-08,2.746269909927615e-115
2023-08-21 10:43:41,0.28009336,2.1996277368815782e-126,2.7489623402003933e-40,3.532413537623844e-20,2.2147270310365827e-09,9.587443137963195e-165,5.52217222419984e-23,1.900212404307215e-129,1.0001801421293339e-240,2.7073014735929024e-34,3.962580071219598e-149,0.8946915270810955,9.06271213913875e-16,1.813801842979102e-156,6.844602382596338e-167,9.627372950426933e-24,9.693417161860746e-172,2.929284391211661e-35,5.445843016952511e-58,0.10530846257535745,1.0397698225881948e-149,1.9569224167512664e-171,6.873794716106523e-37,7.724966197771869e-170,8.128819223428185e-09,2.977677530535973e-120
2023-08-21 10:43:53,0.2900967,1.8371722260393286e-128,7.240059348818298e-41,2.4619645165142037e-20,1.1894111772180537e-09,1.5841475506328676e-166,4.441207312830665e-24,1.1559971559851434e-129,1.0001095963337843e-240,4.7595442244124047e-35,7.527242249475262e-150,0.900520118306852,2.3093411558667096e-16,7.2799213448025575e-158,8.556110688487353e-170,1.3117111416737488e-25,3.2904963342592227e-172,4.699003799576325e-37,1.2921180138655437e-61,0.09947987846818182,3.2843182482248015e-151,4.7198117408385545e-167,4.2391286037087434e-39,2.7095009643942654e-171,2.035554873480504e-09,1.180261331929808e-122
2023-08-21 10:44:06,0.30010003,1.2683832001582617e-129,1.7047058779184987e-41,3.083194495236976e-22,4.4412637982309016e-10,2.8029006087220776e-172,7.291363681419824e-26,1.6736749479308553e-130,1.0000579741649019e-240,1.9151030855381355e-36,2.1418555518811708e-150,0.9133528121353913,8.286304506985636e-18,1.4643269638111758e-159,1.3140102947898407e-170,7.693018936880585e-27,1.7354969798082609e-174,4.7825225898000936e-39,3.976182547077771e-65,0.08664718704673473,1.1289093328830572e-151,8.113988592483655e-167,6.737457581812904e-40,1.049164610921856e-171,3.737475261156461e-10,1.3909637775297357e-126
2023-08-21 10:44:19,0.31010337,4.569756427117743e-131,1.6551604039381909e-43,9.802744441928353e-24,3.8474974386976784e-11,2.769801217210422e-172,5.644652300368653e-27,9.910713660711591e-132,1.0000194628922869e-240,2.4126351833614256e-38,3.2090219990025384e-152,0.9408535748687719,1.0824898404913962e-19,4.650946334663729e-162,1.8303473579145859e-171,1.4784159650358117e-28,5.8748529338043656e-176,1.0724975205570503e-40,9.848929591167597e-68,0.059146425051195425,1.0006972821127136e-153,4.756768294043473e-167,8.242285959672384e-40,8.277117530789235e-173,4.155775702461442e-11,3.264519771123115e-128
2023-08-21 10:44:33,0.3201067,6.988049916457955e-132,1.1878610848228031e-46,5.907874268378984e-25,3.4508713223732526e-12,6.148315177121356e-174,1.366778208311755e-28,3.4707673623856093e-132,1.0000059744539058e-240,9.18135994788893e-40,1.046087164256988e-155,0.9480934877170838,1.0098941650949738e-21,1.0738062246568964e-163,9.205697020490958e-172,2.7356743777711978e-30,4.478067183656371e-179,1.219168733456582e-43,4.1434363914375e-71,0.05190651227716772,6.531912885756949e-156,4.3494735743625116e-167,2.349298602690511e-40,2.2022964846421e-173,2.2975721396474246e-12,2.0427045553011966e-129
2023-08-21 10:44:47,0.33011004,6.834826026743114e-132,4.3512769017735023e-51,9.923139511313061e-27,4.161932527121485e-14,9.244759071520014e-172,4.1110208902291545e-30,2.2145464110119912e-132,1.0000007714124926e-240,1.0205545871317668e-42,4.137125765955979e-159,0.968906656423402,1.1841383847981784e-23,2.8063591096240724e-164,6.951871142581092e-181,2.2780224064231242e-32,2.5349979691762205e-182,9.418551623897869e-47,2.3557706221232013e-75,0.031093343576538493,4.4894935186504934e-159,7.864117013669046e-168,2.2208915248085192e-43,1.179285941342435e-175,1.7851050265275026e-14,8.381310106017884e-131
2023-08-21 10:45:01,0.34011337,1.1017734598628936e-131,1.7695377253178753e-55,1.731786481925079e-27,6.064883388426597e-16,4.800933981243092e-176,9.13824359017059e-32,2.469478730823511e-132,1.0000001154767136e-240,1.3287035648326e-45,5.112213867284618e-161,0.9812987911410699,7.288309793130425e-25,4.693445404107674e-165,1.0208143246280923e-190,1.669937738046703e-33,1.3381002649551358e-181,2.6340382604242753e-52,3.283934546425717e-81,0.018701208858929307,4.792057441967092e-161,5.902510982652021e-167,3.8549004830356535e-47,1.6040661638956757e-182,1.8951912730775147e-16,7.732014102582705e-131
2023-08-21 10:45:16,0.35011671,8.646386920094684e-132,7.4485436870100025e-59,2.41751340831428e-28,1.2378287289878481e-17,2.217663284853032e-179,8.475629384245111e-33,1.4242195024731593e-132,1.0000000035816977e-240,1.0074707399781165e-50,6.06419096668627e-161,0.9882802343467209,2.706045904075911e-25,3.6297795692272833e-165,9.203956073682707e-194,2.9152333480633776e-36,1.695696399903067e-186,3.1852728337996036e-57,1.1988007907255148e-86,0.011719765653279196,3.8704428562155626e-161,3.42683629259113e-169,8.87979984919167e-50,1.0921733184188431e-184,3.7590775793863475e-18,8.348308278096767e-131
2023-08-21 10:45:32,0.36012004,5.34407052744053e-132,1.1556818433547387e-61,5.218158601469082e-29,5.534938180940272e-19,4.665223805052352e-184,2.0424006347449215e-34,1.9077354750806486e-133,1.0000000000838186e-240,1.6470427434647645e-54,7.44557568810327e-161,0.9937313105235173,8.246752106521398e-26,1.0630062411345734e-165,6.295547848297284e-195,2.290939709140959e-39,1.840386334259602e-209,1.8807666893504319e-59,2.3292704181033708e-91,0.006268689476482696,2.522293316392789e-161,1.1876543608003887e-171,4.285697402137969e-52,3.706666351030231e-194,1.5724259421345034e-19,9.243893590276888e-131
2023-08-21 10:45:46,0.37012337,5.901625808206145e-132,2.4226150174125746e-65,1.4938237080726254e-29,4.267166005330799e-20,1.8255645105306162e-185,3.06449448368641e-35,4.975246150803968e-133,1.000000000002493e-240,3.659748864324659e-57,7.59571676087218e-161,0.9976037567913538,4.6365723891335415e-26,5.050206084717183e-167,5.429914095127271e-199,3.922429362804185e-40,5.721538862495935e-216,4.339392260367995e-62,6.943871994939041e-95,0.0023962432086461934,2.3968949362908395e-161,7.796793980957285e-174,6.502685828398251e-54,1.6905770773206578e-196,1.241571120776696e-20,9.028289245061794e-131
2023-08-21 10:46:01,0.38012671,1.1907913360124044e-132,1.6431862362719334e-70,3.5112647503872167e-29,4.735041731074303e-21,9.453908077250068e-185,6.693793284890918e-33,6.450913105070852e-135,1.0000000000000203e-240,3.105692099960809e-61,9.994128649561361e-161,0.9944668516512656,1.4494542930000138e-25,2.4408297512742813e-169,4.641733822158681e-202,1.677561809685636e-38,2.7421241299956594e-215,7.22075273945197e-70,1.3068838304195843e-96,0.005533148348734404,5.740446951424853e-164,3.3665462505567827e-175,2.2500153062561406e-57,1.0045971637814558e-197,5.220498330935806e-21,9.857987914676765e-131
2023-08-21 10:46:16,0.39013004,2.008404041638487e-135,1.0922352307489091e-73,1.1943723181240347e-29,4.7344348154670606e-21,1.8343770049028694e-185,7.99353813908417e-34,3.067497845185242e-135,1.0000000000000012e-240,9.529820263791717e-66,9.999151097271904e-161,0.9969115143178268,6.365336209284497e-26,2.1195562413334345e-170,1.3508643016958435e-199,7.438165564135544e-42,3.6205400043037313e-217,1.6889094647250794e-72,1.9123499811166878e-98,0.0030884856821732777,8.282853119720903e-165,5.6802394658957554e-176,3.187702072848338e-59,1.1262219067447584e-201,5.236444044924813e-21,9.998994002983413e-131
2023-08-21 10:46:32,0.40013338,5.6440712118424526e-136,4.451769001698877e-75,3.468385153661763e-30,4.703930140415977e-21,1.6040897497107363e-184,3.582235536465148e-34,3.001907307838927e-135,1.0000000000000009e-240,2.4988120777638836e-67,9.999546887879422e-161,0.9978178299160158,3.926174898320328e-26,2.00167597886858e-171,2.7057844525206836e-201,1.1491580110568186e-43,6.9377678906648224e-220,8.306934451149977e-75,3.1649033397160103e-100,0.0021821700839842347,4.460592406438482e-165,2.402289543648926e-176,2.1540267156584173e-58,1.8871788888163165e-202,5.273620684524367e-21,9.999365476244422e-131
2023-08-21 10:46:46,0.41013671,4.664019422219575e-136,1.566750403498386e-78,1.2009437776967024e-30,4.733912929759107e-21,2.596859626852911e-183,1.2112335742232055e-35,2.1331202257737085e-136,1.0000000000000009e-240,3.00107565539769e-71,1.4915024770536513e-160,0.9987276162918922,4.99039547596305e-25,1.7925914201079878e-172,1.3640686550267152e-203,5.206525077095663e-46,4.619782479157649e-221,9.693824519036545e-78,2.281115587106012e-102,0.0012723837081077825,9.814906448614312e-171,1.1060431898396706e-176,3.099223125358968e-61,4.736582838516169e-203,5.1921887735539264e-21,9.999867894137156e-131
2023-08-21 10:47:02,0.42014005,2.913934875905278e-137,1.948197551464548e-80,5.472028856907041e-33,5.507043087589984e-21,4.9650359382076146e-188,1.917584577700075e-34,2.589321036016689e-135,1.0000000000000009e-240,1.314508039390085e-70,9.999999943792551e-161,0.9994151313666424,2.182772477970406e-26,2.2905284691490456e-171,5.80512432551674e-208,6.244476346498174e-48,2.4219294105222745e-223,1.3855612964950018e-77,2.4356574352401133e-106,0.0005848686333576048,4.23189398500713e-169,5.185948687576342e-175,4.0509843548226273e-63,1.981250418314066e-202,4.477390908625224e-21,9.999651781847436e-131
2023-08-21 10:47:17,0.43014338,4.1252018250798e-139,1.0565992899279014e-80,2.48587677047365e-34,5.2664627146775116e-21,1.2188153197374058e-187,2.2801980602908423e-35,1.6708543806762605e-135,1.0000000000000009e-240,1.0451492356305389e-71,9.999999941949272e-161,0.9992593736861111,7.8516954523734e-27,1.6132116956603592e-171,4.8056412098116124e-201,2.436119461726908e-48,2.5030089194788335e-228,7.453199954650734e-79,4.679485351921496e-107,0.0007406263138889368,4.8434149559368543e-169,3.526144807314514e-176,2.640863789503563e-64,2.1811174494023583e-204,4.724305675652957e-21,9.999814144082747e-131
2023-08-21 10:47:33,0.44014672,1.9262120652167706e-138,4.489336908099711e-81,1.2440299768658796e-33,5.3143730859113204e-21,1.6910486083445825e-187,1.0091550671332178e-35,1.4991674305337213e-135,1.0000000000000009e-240,1.7520577518753534e-74,9.999999931551421e-161,0.9996066690158658,1.0188620907333893e-26,3.3785388925353875e-171,2.55457333282998e-203,1.8520139505241876e-49,5.052618881000333e-227,8.957586553336768e-80,2.9221149252551533e-108,0.0003933309841341881,5.0253346187576197e-169,1.1595816367072258e-175,1.3886914936722317e-66,8.962924514218612e-205,4.6750768022319625e-21,9.999822968480526e-131
2023-08-21 10:47:49,0.45015005,1.072626124707485e-138,1.1296836004610936e-81,9.337325318319234e-35,5.60726205445906e-21,1.0464853309101559e-186,5.9731481240886194e-37,8.632976606037662e-137,1.0000000000000009e-240,4.243233492065646e-76,9.999999955439714e-161,0.9998246530824609,2.4212401154220566e-27,7.52181244600206e-172,3.758329647730186e-206,3.8894840712296637e-50,4.155544811778373e-226,6.358930363663628e-81,2.3484921013323934e-108,0.0001753469175390654,4.112482324445341e-169,4.9642453118629946e-176,1.8134265495663045e-67,5.653912302625846e-206,4.387606294269481e-21,9.999987997571231e-131
2023-08-21 10:48:05,0.46015338,6.498241606716806e-141,4.0849831898289812e-81,5.7219989042396816e-33,5.387197151458322e-21,1.0696147796092789e-185,3.592489376753309e-36,1.3894100312365572e-139,1.0000000000000009e-240,4.647084028841648e-77,9.999999603707965e-161,0.9998450109068916,1.0714181800271078e-26,8.006125415197285e-173,2.454506999786699e-212,7.119911749391401e-53,1.0159380177121597e-226,3.347440142514578e-82,3.193699774281828e-111,0.00015498909310840414,3.9307001751330414e-168,3.927367794761765e-178,6.9860984013364905e-71,4.4028809303885546e-200,4.6019007663125595e-21,9.99999997699394e-131
2023-08-21 10:48:21,0.47015672,1.9856797337288305e-141,3.1060140123603444e-81,2.3143253901494125e-33,5.149386831349243e-21,5.574536972550284e-186,2.0656062628824372e-38,1.8969646369275402e-140,1.0000000000000009e-240,3.0012110537378832e-77,9.999999986360131e-161,0.9998984006246115,1.884900652016122e-26,3.261239996890613e-173,2.256474032729794e-215,1.079396894732594e-54,1.9197138821147614e-225,7.710227039592743e-83,7.565910050088743e-113,0.00010159937538845032,1.35952675515015e-169,6.127362626576329e-181,1.618374975332685e-71,3.0225772969100724e-197,4.836433545609537e-21,9.999999997622339e-131
2023-08-21 10:48:36,0.48016005,2.0762862442467973e-141,5.164463542727555e-83,2.80840628997646e-35,5.1990874203297454e-21,1.6655260583842167e-185,1.3721896462066105e-41,1.4892451980157997e-140,1.0000000000000009e-240,5.617592088099371e-78,9.99999995445632e-161,0.9999357871410518,1.0390963665244744e-26,1.3923371750336022e-174,3.341119115739136e-213,1.6296002363004024e-54,1.8314621716974967e-226,5.049441982562863e-83,1.0923872284162317e-113,6.421285894819828e-05,4.553731036263218e-169,1.826972385288634e-182,3.3183113764950788e-71,4.9548405497652184e-203,4.790559764243705e-21,9.999999998110505e-131
2023-08-21 10:48:53,0.49016339,2.677997285941548e-141,3.2259396309623485e-85,3.645860004354749e-35,5.636154995915405e-21,6.477515568948194e-184,9.912514173726075e-40,7.322002714058457e-141,1.0000000000000009e-240,5.0360415393233213e-79,9.999999971544278e-161,0.9999908340304686,2.1003359070623098e-26,5.860451490224562e-176,6.831994646697269e-213,2.4217572807567567e-55,6.084888775239573e-215,1.5044254118874479e-83,1.7859706811949235e-114,9.165969531377272e-06,2.8455556763174744e-169,6.910713801152313e-183,1.1945317048230728e-72,1.8747723576192966e-206,4.349137442972113e-21,9.999999999981117e-131
2023-08-21 10:49:10,0.50016672,4.812968865073328e-141,2.1388824162830683e-84,2.989041986178365e-35,5.346078419869673e-21,8.256988194587347e-184,1.8372881366533837e-42,5.1870311349266757e-141,1.0000000000000009e-240,1.2248243098720225e-79,9.999999034662087e-161,0.9999893919046744,9.751290497562062e-27,4.67273635412564e-177,7.411388376023995e-213,1.2505838899639295e-56,1.5111793955255965e-224,7.578485177980729e-85,3.7400110930934232e-115,1.0608095325603806e-05,9.653374580101781e-168,9.110260877093774e-183,1.5824344736084096e-72,2.3352508280100046e-206,4.643887754007832e-21,9.999999999984747e-131
2023-08-21 10:49:27,0.51017006,6.224744274274965e-141,1.0629339161919793e-84,2.1141330357823023e-35,5.501479007047947e-21,1.3338730045626738e-182,1.2651754332835727e-43,3.775255725725038e-141,1.0000000000000009e-240,1.5124875803075094e-80,9.999995981045533e-161,0.9999955659026648,7.53739939134771e-27,2.672389441017477e-178,5.069882180921875e-212,1.2394750123378736e-57,4.086348807121402e-222,1.859527766504164e-85,3.3768466736717585e-116,4.434097335193066e-06,4.018954355482804e-167,1.992131179787221e-182,1.8457427605866527e-73,2.2618471059516784e-208,4.489694575986663e-21,9.9999999999995e-131
2023-08-21 10:49:43,0.52017339,5.704092109255048e-141,6.409118609291819e-85,8.814255618598367e-37,5.700898345659067e-21,8.781306779841591e-182,1.2696328774279667e-44,4.295907890744955e-141,1.0000000000000009e-240,1.5493460420091424e-81,9.99999020646341e-161,0.9999982734639649,2.7391372759511628e-27,8.431738084403617e-180,3.877752947570883e-212,1.4552006000765121e-57,2.7984885544277346e-220,1.4745744059726904e-85,1.3003780357661366e-117,1.7265360351403913e-06,9.79353658577714e-167,2.7045970000348316e-182,3.587032083920315e-74,9.611950570212732e-211,4.293786531128688e-21,9.99999999999997e-131
2023-08-21 10:50:01,0.53017673,5.703301592138048e-141,4.4217041216840154e-85,1.1905514634591323e-37,5.575139531623004e-21,1.0158527860234804e-181,7.395352636896607e-45,4.296698407861955e-141,1.0000000000000009e-240,3.773028250090784e-82,9.999991302391605e-161,0.9999988472766929,1.699665315362198e-27,9.526767108416783e-180,7.308465042901505e-212,8.164253760638487e-58,2.351314702736592e-221,4.511053676336957e-86,5.314153615253608e-118,1.1527233071406684e-06,8.69760839054751e-167,3.0070846978742006e-183,1.6472579515877924e-74,9.26905825468784e-211,4.4206864644572995e-21,9.999999999999965e-131
2023-08-21 10:50:18,0.54018006,5.604947936126849e-141,2.0045346568122318e-85,1.1242839585280863e-38,5.798200699945791e-21,4.9571351569197433e-182,1.1193971341174426e-44,4.3950520638731554e-141,1.0000000000000009e-240,9.103953683771527e-83,9.999996597641309e-161,0.9999993468007589,5.836572678177366e-28,1.1782520560242547e-180,3.320518468958424e-212,2.656495623041406e-58,4.0462802818443105e-223,1.5133770574156837e-86,8.100746825690465e-119,6.531992411407117e-07,3.4023586943416975e-167,6.010968063766709e-183,1.5202165802812635e-74,9.667929644816917e-211,4.199341270876416e-21,9.999999999999997e-131
2023-08-21 10:50:37,0.55018339,4.930108713090521e-141,3.889690026083488e-86,3.446087360215151e-39,5.860110643785742e-21,1.451552799175474e-182,1.0791015098718859e-44,5.0698912869094823e-141,1.0000000000000009e-240,6.692684877858975e-84,9.999999738732136e-161,0.9999997349076323,2.4247828219523417e-28,1.0643373690558629e-180,6.748090865897885e-212,3.6139127318345005e-59,7.621295053117532e-223,1.2947222126518199e-87,1.0371132887341113e-118,2.650923677238737e-07,2.6126786731188644e-168,6.0030862130849675e-183,3.1335390217685186e-74,9.325168755513502e-211,4.138298025795252e-21,1.0000000000000003e-130
2023-08-21 10:50:54,0.56018673,4.0949173145545607e-141,9.552643614722974e-87,1.065877137303901e-39,5.426555607927327e-21,1.8709629191887255e-182,1.1083665683242174e-44,5.905082685445446e-141,1.0000000000000009e-240,1.7787420787084804e-84,9.999999395586293e-161,0.9999997913142321,1.4984732607657518e-28,9.21948205292259e-181,5.236266303465698e-212,1.3669181738165562e-59,6.484020065311571e-228,1.0422129671782753e-88,2.0355531704652215e-119,2.0868576788846127e-07,6.044137113024132e-168,2.1144417275620055e-182,4.266718784571554e-74,9.47637333566824e-211,4.572206305498703e-21,1.0000000000000003e-130
2023-08-21 10:51:12,0.57019006,3.794111223585142e-141,4.593736971609209e-87,1.9251429211170782e-41,5.131643610001146e-21,1.0166217179618462e-182,1.2587653553785652e-44,6.205888776414864e-141,1.0000000000000009e-240,6.586023685872828e-85,9.999999723866697e-161,0.9999998494936573,2.6855590275396553e-29,9.671092576006629e-181,1.217747965652786e-212,2.4729975874932197e-60,8.008158969285976e-228,1.0642236292873428e-89,1.0834283470373409e-119,1.5050634272206764e-07,2.761333073308547e-168,6.5973578217120864e-183,7.923027517676442e-74,9.87822519368227e-211,4.8678347840132085e-21,1.0000000000000003e-130
2023-08-21 10:51:29,0.5801934,4.589943746643627e-141,3.3809778251259133e-87,3.188835113174813e-42,5.1899401135355614e-21,5.3362422523777746e-182,8.214743176250808e-45,5.410056253356376e-141,1.0000000000000009e-240,4.187334865706963e-85,9.999995524480446e-161,0.9999999109336593,1.6052114493962235e-29,8.57454885123388e-181,4.110400273784858e-212,9.831814818632318e-61,1.0000000000000008e-230,1.0187391770280587e-90,6.619564896226395e-120,8.906634074712372e-08,4.475519558289068e-167,2.3503914214622937e-182,8.64498218222689e-74,9.588959972602924e-211,4.809656793243654e-21,1.0000000000000003e-130
2023-08-21 10:51:46,0.59019673,4.73392900456306e-141,1.9450483841668883e-87,7.813618375916084e-43,5.123275654812512e-21,1.311142367357432e-181,4.920843573027356e-45,5.266070995436946e-141,1.0000000000000009e-240,3.636205634482285e-85,9.99999984664527e-161,0.9999999547936991,3.897859652335824e-30,6.15864643366347e-181,5.3712029826378296e-213,2.4128491809926667e-61,7.841025695398692e-228,4.8676972157237014e-91,1.0000000000000003e-120,4.520630092486044e-08,1.5335473224631369e-168,8.61765925020327e-182,7.513700859364722e-74,9.946287965962001e-211,4.87652585970603e-21,1.0000000000000003e-130
2023-08-21 10:52:05,0.60020007,4.0341517186163935e-141,1.1857667402142068e-87,5.602442176768693e-43,5.47552594661503e-21,1.0831277693381772e-181,2.999490395554353e-45,5.965848281383611e-141,1.0000000000000009e-240,2.4785327783324527e-85,9.999998921381862e-161,0.9999999808885851,2.0494519637172667e-30,6.98923276646577e-181,9.241727721143611e-213,2.0324653426137803e-61,2.711911715191919e-227,1.85249079194894e-91,1.0000000000000003e-120,1.9111414895078838e-08,1.078618140359922e-167,5.9034626641244026e-182,4.125567872033006e-74,9.907582697724539e-211,4.5243291141908746e-21,1.0000000000000003e-130
2023-08-21 10:52:22,0.6102034,3.567220871926951e-141,6.693052854416795e-88,4.530992003170744e-43,5.559538143418662e-21,7.612543543869227e-182,1.915266241001677e-45,6.432779128073054e-141,1.0000000000000009e-240,1.6720191951143364e-85,9.999990518921495e-161,0.9999999890419836,9.776996627284297e-31,8.176292144781948e-181,6.429808356767374e-213,6.478882211563228e-62,4.755818234780666e-227,7.928544781264509e-92,1.0000000000000003e-120,1.0958016383177949e-08,9.481078510065194e-167,2.5862623024799757e-182,3.371366906033003e-74,9.93570188585224e-211,4.440361364545858e-21,1.0000000000000003e-130
2023-08-21 10:52:40,0.62020674,2.880975974031869e-141,3.1825072381259967e-88,4.163214273200955e-43,5.575419789959075e-21,8.334576487400931e-182,1.1592700315254096e-45,7.119024025968138e-141,1.0000000000000009e-240,1.4451652133097766e-85,9.99997075446657e-161,0.9999999954503543,4.735418349439381e-31,8.202689251366416e-181,1.6798246054198227e-213,1.4033357817813186e-62,1.414254378051539e-227,2.384750849336302e-92,1.0000000000000003e-120,4.54964566021232e-09,2.924553343608417e-166,2.0779745293116385e-182,3.508037537297806e-74,9.983201751570102e-211,4.424510159099857e-21,1.0000000000000003e-130
2023-08-21 10:52:59,0.63021007,1.990145268333966e-141,1.1839112384958796e-88,4.2988525761198e-43,5.797302896282704e-21,1.9960440107578302e-181,1.1428974149118674e-45,8.009854731666039e-141,1.0000000000000009e-240,7.170123054281716e-86,9.9999857395651e-161,0.999999998436218,6.747469643302243e-32,6.658072273468075e-181,2.9515632293408868e-213,2.204912989955294e-63,2.955284716943399e-228,7.651550430158477e-93,1.0000000000000003e-120,1.5637819927860619e-09,1.4260434902935167e-166,2.323752358596659e-182,4.289216573147226e-74,9.970484366834326e-211,4.202670129991648e-21,1.0000000000000003e-130
2023-08-21 10:53:18,0.6402134,1.5781365348916102e-141,3.958855388672741e-89,3.385632892370825e-43,5.7749189720707345e-21,2.682874446572929e-181,6.2781190043684414e-46,8.421863465108395e-141,1.0000000000000009e-240,3.146743006942407e-86,9.999991987957097e-161,0.9999999991624752,3.3264486645461554e-32,6.241510173235505e-181,1.4631997610166823e-213,8.065581359769265e-64,3.486886446246731e-228,3.5510297281053e-93,1.0000000000000003e-120,8.375248272685099e-10,8.012042908012167e-167,1.3226533307838275e-182,4.5539124520709745e-74,9.98536800187964e-211,4.225062096853601e-21,1.0000000000000003e-130
2023-08-21 10:53:39,0.65021674,1.5657831876267863e-141,1.1159455047684759e-89,2.3993731486553155e-43,5.617760966365115e-21,3.518115708322427e-181,3.4251955323507016e-46,8.434216812373221e-141,1.0000000000000009e-240,1.3486415507077954e-86,9.999953103951187e-161,0.9999999996351748,2.4489997770618267e-32,5.324314268398915e-181,1.9430283605228164e-213,3.1532157076404314e-64,2.1343223211012247e-227,2.777107582905523e-93,1.0000000000000003e-120,3.6482517007385695e-10,4.689604881535916e-166,1.38456130582226e-182,5.237817261020079e-74,9.980569712247712e-211,4.3822229962150824e-21,1.0000000000000003e-130
2023-08-21 10:53:58,0.66022007,1.6350359182370873e-141,1.725713033958415e-89,2.5587867318445507e-43,5.717798065227449e-21,2.3557060344043685e-181,3.570338746356985e-46,8.364964081762918e-141,1.0000000000000009e-240,1.6687181134502834e-86,9.999994346842064e-161,0.9999999997373649,1.315600773463094e-32,7.009352099968782e-181,1.7287604018154922e-213,2.1473133440388773e-64,1.9019396080288697e-227,1.5916533265732204e-93,1.0000000000000003e-120,2.6263513586144427e-10,5.6531579384344635e-167,5.0797809713881225e-183,3.148518956026349e-74,9.982712392693841e-211,4.2821900662431444e-21,1.0000000000000003e-130
2023-08-21 10:54:17,0.67022341,1.4621946758163668e-141,4.269702936220764e-90,1.0428086056706256e-43,5.91285497891312e-21,4.605696088176772e-181,1.4569260230362079e-46,8.537805324183641e-141,1.0000000000000009e-240,3.4007329769496462e-87,9.999999643623048e-161,0.9999999998605225,8.202340268137178e-32,5.150872301684211e-181,3.934250161243978e-213,2.8358146588374674e-65,1.0000000000000008e-230,1.420756532114928e-93,1.0000000000000003e-120,1.3947754062826334e-10,3.5637695461332463e-168,5.939375953393784e-184,6.9976768790852224e-74,9.960657498385615e-211,4.0871150313588795e-21,1.0000000000000003e-130
2023-08-21 10:54:35,0.68022674,1.072713984093035e-141,1.7788715366094963e-90,8.865592326355254e-44,6.151435142073581e-21,3.993069296877757e-181,8.338250579075889e-47,8.927286015531402e-141,9.999999999624443e-241,1.335260961265807e-87,9.999999929300504e-161,0.9999999999000001,4.4590825016224535e-32,5.476948426050731e-181,1.3258214946997899e-213,6.883236786782559e-66,1.1170475655155756e-230,1.8838584999607828e-93,9.999999999624437e-121,9.999999999624435e-11,7.032393334063369e-169,2.8656802012860704e-183,7.39835138232701e-74,9.986741784675963e-211,3.848542072638146e-21,9.999999999624436e-131
2023-08-21 10:54:54,0.69023008,1.7292966259527115e-141,9.557782387335409e-91,7.776197720743677e-44,6.256771838641399e-21,4.6331060609856633e-181,5.868630076400388e-47,8.270703373457473e-141,9.999999999410187e-241,7.848805082358918e-88,9.999999907953505e-161,0.9999999999,8.498839937095097e-33,4.6530286325280504e-181,4.844649250865332e-214,4.251375080223783e-66,1.4484413667615332e-230,9.89515018920004e-94,9.999999999410182e-121,9.999999999410179e-11,9.14566777811446e-169,5.0960556724371855e-183,7.666211668858394e-74,9.99515535015862e-211,3.7432179494888496e-21,9.999999999410181e-131
2023-08-21 10:55:13,0.70023341,1.6899866659042725e-141,5.187596991829002e-91,7.783588906935273e-44,6.2365032210270065e-21,5.241439965344473e-181,6.558007715229711e-47,8.310013333471704e-141,9.99999999937598e-241,7.78570648520442e-88,9.999999963626369e-161,0.9999999999000001,2.6109175839183684e-33,4.118969152031599e-181,1.2580286084567333e-213,2.0112832823573187e-65,9.999999999375978e-231,8.406453170758301e-94,9.999999999375974e-121,9.99999999937597e-11,3.574960660611761e-169,4.138957677761361e-183,4.624911996115932e-74,9.987419713291404e-211,3.7634910885580266e-21,9.999999999375974e-131
2023-08-21 10:55:32,0.71023675,1.6338613803000632e-141,5.021145084786304e-91,5.562981516250516e-44,6.372415005423181e-21,4.705988689350688e-181,2.7638884417346843e-47,8.366138618835561e-141,9.99999999913563e-241,9.358414025293133e-88,9.99999997502384e-161,0.9999999999000001,5.328442513889559e-33,4.700803940185734e-181,8.537462350659572e-214,8.517745918621793e-66,9.999999999135629e-231,7.473583752542524e-94,9.999999999135623e-121,9.999999999135621e-11,2.411178256847308e-169,3.5189506971240557e-183,2.381527905185215e-74,9.991462536784968e-211,3.6275767202061505e-21,9.999999999135624e-131
2023-08-21 10:55:51,0.72024008,1.1512864456828837e-141,3.8143993393893686e-91,6.160937037936297e-44,6.5084975454553084e-21,3.1677234070645e-181,3.204403076972438e-47,8.848713553400208e-141,9.999999999083093e-241,7.77862019407276e-88,9.999999991075755e-161,0.9999999999000001,3.389592252587003e-33,6.204873578325168e-181,2.32530093647599e-213,2.68710212791838e-66,9.999999999083093e-231,7.678840594620401e-94,9.999999999083087e-121,9.999999999083085e-11,8.007333684266416e-170,4.3072517640983346e-183,2.53150309770197e-74,9.976746989718327e-211,3.4914956562199126e-21,9.999999999083087e-131
2023-08-21 10:56:11,0.73024341,1.0696925176153926e-141,6.994618031303551e-91,6.928585171910778e-44,6.630625364527887e-21,4.111587670059604e-181,2.268769287358142e-47,8.930307481416484e-141,9.999999999031879e-241,4.954896672612993e-88,9.9999999905587e-161,0.9999999999000001,2.492869770764816e-33,5.407109231548704e-181,4.1222357926036346e-213,1.265659647593758e-66,9.999999999031878e-231,8.258296241026914e-94,9.999999999031872e-121,9.999999999031871e-11,8.473171052859753e-170,2.351518137255721e-183,1.257991137441995e-74,9.95877764110579e-211,3.369368636020738e-21,9.999999999031874e-131
2023-08-21 10:56:31,0.74024675,7.63486804745971e-142,1.185223746328675e-91,7.310349369697657e-44,6.908500213303329e-21,2.5949999065949065e-181,9.736454714877144e-48,9.236513194265022e-141,9.999999999010996e-241,4.2644798217347244e-88,9.999999995812043e-161,0.9999999999,1.7930848363022052e-33,6.990763783711611e-181,6.919299181391123e-213,4.9852094326052765e-67,9.999999999010995e-231,6.989800795467966e-94,9.999999999010989e-121,9.999999999010987e-11,3.198948883248489e-170,2.0769754314656074e-183,1.1745331384610828e-74,9.930807007196667e-211,3.091494336801768e-21,9.99999999901099e-131
2023-08-21 10:56:50,0.75025008,4.62058262827495e-142,1.1949214191428847e-91,6.547442485144509e-44,7.017182956990195e-21,2.6128161709309363e-181,8.007609156739732e-48,9.537941736176917e-141,9.999999999004415e-241,3.398100395074448e-88,9.999999997636392e-161,0.9999999999,8.785461809522342e-34,6.959792833755565e-181,1.3059358095046718e-212,3.184223216588427e-67,9.999999999004414e-231,8.130001566177414e-94,9.99999999900441e-121,9.999999999004406e-11,1.3680168108069193e-170,2.2023969792074044e-183,6.075840724993561e-75,9.869406418053861e-211,2.9828130720080724e-21,9.999999999004409e-131
2023-08-21 10:57:11,0.76025342,6.439714926068654e-142,1.1298104081578069e-91,5.128479247079241e-44,7.061181284945657e-21,2.6220945948554905e-181,4.6400565103924855e-48,9.356028506394343e-141,9.999999999001213e-241,3.287429688697023e-88,9.999999996375125e-161,0.9999999999000001,2.906014679206522e-34,7.244850470913505e-181,1.9851077026210163e-212,1.8305881217443975e-67,9.999999999001212e-231,7.057407335443856e-94,9.999999999001207e-121,9.999999999001204e-11,2.6260826843801928e-170,2.081794989254972e-184,3.788214905493557e-75,9.80148922873896e-211,2.9388163559963476e-21,9.999999999001206e-131
2023-08-21 10:57:30,0.77025675,3.7023372519171765e-142,1.2063649912594362e-91,5.702821628871513e-44,7.21695244292227e-21,3.0733227110552364e-181,3.6746015465588345e-48,9.629766273808665e-141,9.999999999000387e-241,1.0484181595271241e-88,9.99999999610484e-161,0.9999999999,6.127201579250276e-35,6.787061657949518e-181,9.177747128334178e-213,1.0335142904911834e-67,9.999999999000386e-231,7.601159363324211e-94,9.99999999900038e-121,9.999999999000377e-11,2.8955404737677134e-170,2.1518781434391208e-184,3.783178093441494e-75,9.908222527716986e-211,2.783046384931309e-21,9.99999999900038e-131
2023-08-21 10:57:50,0.78026009,3.5604069462094475e-142,1.2711177452569688e-91,5.018322795699557e-44,7.313301261271174e-21,2.66873733775342e-181,2.5118057349542802e-48,9.643959304379188e-141,9.999999999000135e-241,3.2508537360814994e-89,9.99999999811206e-161,0.9999999999000001,3.6589681268008237e-35,7.264817681895628e-181,6.359166969729773e-213,9.537562749396858e-68,9.999999999000135e-231,6.298883467872468e-94,9.99999999900013e-121,9.999999999000126e-11,9.999999999000131e-171,4.960460664732213e-185,2.6502495185003136e-75,9.93640832930283e-211,2.68669779222051e-21,9.999999999000129e-131
2023-08-21 10:58:10,0.79026342,4.374752495090697e-142,1.3639262437538794e-91,4.3805849284028983e-44,7.47358749303793e-21,3.1691442468278744e-181,1.4504215600636376e-48,9.562524749490972e-141,9.999999999000042e-241,1.5663900846499102e-89,9.999999998732e-161,0.9999999999,3.3549619943877187e-35,6.730814180667704e-181,7.460144386098002e-213,5.40610692623244e-68,9.999999999000042e-231,7.403664441419187e-94,9.999999999000036e-121,9.999999999000033e-11,9.999999999000039e-171,1.0826166684987215e-184,1.8819630484423978e-75,9.925398555139058e-211,2.526411545313279e-21,9.999999999000036e-131
2023-08-21 10:58:32,0.80026676,4.9319713963643025e-142,1.2152574274868326e-91,4.3691813780852527e-44,7.47463367943657e-21,2.1614308410418756e-181,9.044668001528472e-49,9.506802859363585e-141,9.999999999000018e-241,6.288353253438764e-90,9.99999999894188e-161,0.9999999999000001,7.099981925290746e-36,7.785784631934915e-181,2.6289871842790305e-213,2.942088722087177e-68,9.999999999000018e-231,8.369283305493303e-94,9.999999999000012e-121,9.999999999000009e-11,9.999999999000013e-171,3.319675987644113e-185,1.7054529378607768e-75,9.973710127157226e-211,2.525365860200174e-21,9.999999999000012e-131
2023-08-21 10:58:53,0.81027009,3.594993023163023e-142,1.2647225142863248e-91,3.0204093775834325e-44,7.60131039814902e-21,2.3454439628983237e-181,4.320095168425271e-49,9.640500696683707e-141,9.999999999000011e-241,1.5154763215996736e-90,9.999999998982963e-161,0.9999999999000001,3.201943912955532e-36,7.523731433935487e-181,1.0577733406022242e-213,9.915402140564109e-69,9.999999999000011e-231,7.549038413921534e-94,9.999999999000005e-121,9.999999999000002e-11,9.999999999000008e-171,2.1191337602329875e-184,2.098511625975508e-75,9.989422265593987e-211,2.398689269516405e-21,9.999999999000004e-131
2023-08-21 10:59:14,0.82027342,2.4509113846226368e-142,1.2928371382059498e-91,2.2676771460035765e-44,7.695964662437725e-21,2.460626156642047e-181,1.745955890462619e-49,9.75490886053774e-141,9.999999999000009e-241,8.512513271810696e-91,9.999999998998536e-161,0.9999999999,1.5477738864779788e-36,7.304180947650639e-181,2.7907934963440633e-214,3.7674299213513543e-69,9.999999999000008e-231,7.050349396317985e-94,9.999999999000003e-121,9.999999999e-11,9.999999999000006e-171,6.853477910121097e-184,2.425287191547129e-75,9.997209205503662e-211,2.3040350918892366e-21,9.999999999000002e-131
2023-08-21 10:59:34,0.83027676,2.1065622217409803e-142,1.406071317848994e-91,1.9455465345033056e-44,7.715510325985221e-21,1.643841234345664e-181,9.249195535592122e-50,9.789343776825908e-141,9.999999999000009e-241,8.374342777837935e-91,9.999999998999584e-161,0.9999999999,9.732790787296773e-37,8.124370574784291e-181,1.5634770518348637e-215,1.772719281530058e-69,9.999999999000008e-231,8.498610105495268e-94,9.999999999000003e-121,9.999999999e-11,9.999999999000006e-171,8.505960025823441e-184,1.5857655560575207e-75,9.999843651294823e-211,2.284489474665844e-21,9.999999999000002e-131
2023-08-21 10:59:55,0.84028009,1.3248139276026439e-142,1.357307043578128e-91,1.644819167049638e-44,7.807064961775266e-21,1.090060762986118e-181,3.1898392048930844e-50,9.867518606239738e-141,9.999999999000009e-241,8.472034216395159e-91,9.999999998999693e-161,0.9999999999,7.408923610338702e-38,8.689230554848219e-181,3.802157602048086e-216,6.660935931030998e-70,9.999999999000008e-231,5.173458127259655e-94,9.999999999000003e-121,9.999999999e-11,9.999999999000006e-171,1.0414527098505755e-183,2.8714911643918144e-75,9.999961977423986e-211,2.1929349757501353e-21,9.999999999000002e-131
2023-08-21 11:00:16,0.85028343,7.188719976668924e-143,1.3404185626975367e-91,1.6757822187526794e-44,7.678821520303715e-21,2.7162365564569044e-181,1.3573003500014473e-50,9.928112799233318e-141,9.999999999000009e-241,8.490905643061624e-91,9.999999998999384e-161,0.9999999999,1.5856783479960267e-38,6.692470757179865e-181,2.7895771972360915e-215,3.009771678963741e-70,9.999999999000008e-231,5.095020366785209e-94,9.999999999000003e-121,9.999999999e-11,9.999999999000006e-171,4.103969205146763e-183,1.3897961092909078e-75,9.999721041280283e-211,2.321178450847455e-21,9.999999999000002e-131
2023-08-21 11:00:36,0.86028676,3.4877835012147584e-143,1.228347243320756e-91,9.997034122237135e-45,7.74251485112697e-21,3.315761506127903e-181,2.618907081011398e-51,9.965122163987858e-141,9.999999999000009e-241,8.598122500659429e-91,9.999999998999985e-161,0.9999999999,5.187312740957407e-39,6.140214328478385e-181,1.284678667517233e-215,9.999930427583502e-71,9.999999999000008e-231,5.769633658023636e-94,9.999999999000003e-121,9.999999999e-11,9.999999999000006e-171,3.1924037914034723e-183,6.957141649969456e-76,9.999871531133255e-211,2.2574851357838514e-21,9.999999999000002e-131
2023-08-21 11:00:58,0.8702901,1.7462177931885261e-143,1.1680368328096242e-91,6.329438095318569e-45,7.813287955294887e-21,1.6827136185730545e-181,3.309790252191491e-52,9.982537821068117e-141,9.999999999000009e-241,8.663489528357458e-91,9.999999998999998e-161,0.9999999999,4.833050536099157e-39,8.217114632614867e-181,6.958973371521621e-216,9.999951886880927e-71,9.999999999000008e-231,5.636510580166175e-94,9.999999999000003e-121,9.999999999e-11,9.999999999000006e-171,1.4581051717378202e-184,4.81121190750348e-76,9.99993040926629e-211,2.1867120328356615e-21,9.999999999000002e-131
2023-08-21 11:01:19,0.88029343,7.544898208444084e-144,1.0356571440397449e-91,3.067453620840883e-45,7.970695996935903e-21,1.1291859349164778e-181,8.268611964961996e-53,9.992455100791563e-141,9.999999999000009e-241,8.841396619573345e-91,9.999999999000001e-161,0.9999999999,2.978970075338321e-39,8.785006114217391e-181,2.8446658592515575e-217,9.99997362721158e-71,9.999999999000008e-231,3.1796490859100737e-94,9.999999999000003e-121,9.999999999e-11,9.999999999000006e-171,1.3684477564393126e-184,2.6371788422601832e-76,9.999997154334146e-211,2.029303995895641e-21,9.999999999000002e-131
2023-08-21 11:01:41,0.89029677,7.03848185632076e-144,9.742220868587427e-92,1.675059029930886e-45,8.116392696350348e-21,1.2870909849342346e-181,6.868311468020371e-53,9.992961517143686e-141,9.999999999000009e-241,8.912765458904983e-91,9.999999999000004e-161,0.9999999999,7.65735771139454e-40,8.56270047106151e-181,1.6846242399373862e-218,9.999996973177243e-71,9.999999999000008e-231,2.7865294045295565e-94,9.999999999000003e-121,9.999999999e-11,9.999999999000006e-171,4.115987166071349e-184,3.025822758714834e-77,9.99999983053758e-211,1.8836073011886574e-21,9.999999999000002e-131
2023-08-21 11:02:03,0.9003001,2.1902027055783757e-144,1.082214393661556e-91,9.358620599857586e-46,8.293538538596363e-21,1.2351183455852277e-181,3.87722595404019e-53,9.997809796294425e-141,9.999999999000009e-241,8.821084737421672e-91,9.999999999000004e-161,0.9999999999,9.999906048505377e-41,8.679677362024414e-181,2.3115468981058607e-218,9.999999669709584e-71,9.999999999000008e-231,1.8312163869401624e-94,9.999999999000003e-121,9.999999999e-11,9.999999999000006e-171,1.2627523100426085e-184,3.29290416012751e-78,9.999999767845317e-211,1.7064614602753227e-21,9.999999999000002e-131
2023-08-21 11:02:25,0.91030343,9.959764395320768e-145,9.278338292034793e-92,4.2557297589421126e-46,8.594886684339754e-21,1.0343076845598481e-181,2.227767499642419e-53,9.999004022560474e-141,9.999999999000009e-241,9.011241068693615e-91,9.999999999000004e-161,0.9999999999,9.999957346681306e-41,8.848999780364046e-181,9.999999999000008e-221,9.999999980402206e-71,9.999999999000008e-231,7.457880152577877e-95,9.999999999000003e-121,9.999999999e-11,9.999999999000006e-171,2.84520533333067e-184,1.8597795523961193e-79,9.999999998735166e-211,1.405113314647721e-21,9.999999999000002e-131
2023-08-21 11:02:48,0.92030677,2.187943851720196e-145,8.533488761388694e-92,1.4894440920768993e-46,8.811711404755704e-21,2.523629763703817e-181,1.0628516086937565e-53,9.999781204614834e-141,9.999999999000009e-241,9.111892569334065e-91,9.999999999000004e-161,0.9999999999,9.999985088711602e-41,7.440076188772744e-181,9.999999999000008e-221,9.999999998256255e-71,9.999999999000008e-231,2.2257681470302587e-95,9.999999999000003e-121,9.999999999e-11,9.999999999000006e-171,1.4378339665893773e-185,9.999999999000001e-81,9.999999998999975e-211,1.1882885942431014e-21,9.999999999000002e-131
2023-08-21 11:03:11,0.9303101,4.612998793045997e-146,7.645615600605076e-92,4.5171085790299e-47,9.057339604865146e-21,1.2459121577006812e-181,4.2675893616601734e-54,9.999953869012072e-141,9.999999999000009e-241,9.212110134927566e-91,9.999999999000004e-161,0.9999999999,9.999995479962883e-41,8.751617266554514e-181,9.999999999000008e-221,9.999999998656983e-71,9.999999999000008e-231,9.541880359582889e-96,9.999999999000003e-121,9.999999999e-11,9.999999999000006e-171,4.4416073232321055e-188,9.999999999000001e-81,9.999999999000007e-211,9.426603941348214e-22,9.999999999000002e-131
2023-08-21 11:03:34,0.94031344,2.4229110981785642e-147,6.27297829175442e-92,3.5645177417854835e-48,9.374247925173126e-21,1.9808392141850793e-182,1.349785409143125e-54,9.999997576088906e-141,9.999999999000009e-241,9.362590569048406e-91,9.999999999000004e-161,0.9999999999,9.999999642500107e-41,9.801736162187837e-181,9.999999999000008e-221,9.99999999899947e-71,9.999999999000008e-231,1.4847283921785865e-96,9.999999999000003e-121,9.999999999e-11,9.999999999000006e-171,1.029326568841114e-190,9.999999999000001e-81,9.999999999000007e-211,6.257520738268738e-22,9.999999999000002e-131
2023-08-21 11:03:57,0.95031677,8.018430696396814e-149,4.0028025478261585e-92,8.986733961014896e-50,9.57856566032032e-21,1.0896955518741372e-182,3.6647549061296185e-55,9.999999918815698e-141,9.999999999000009e-241,9.595582355746913e-91,9.999999999000004e-161,0.9999999999,9.999999990012937e-41,9.891008520470845e-181,9.999999999000008e-221,9.999999999e-71,9.999999999000008e-231,2.1671461415815388e-97,9.999999999000003e-121,9.999999999e-11,9.999999999000006e-171,5.607287541130097e-193,9.999999999000001e-81,9.999999999000007e-211,4.21434338679681e-22,9.999999999000002e-131
2023-08-21 11:04:19,0.96032011,9.999999999000004e-151,2.1737235639643295e-92,9.999982350498231e-51,9.723999370647035e-21,8.835369082142554e-183,1.7648501770451258e-56,9.999999998982798e-141,9.999999999000009e-241,9.78177364688356e-91,9.999999999000004e-161,0.9999999999,9.999999998962633e-41,9.91164126255844e-181,9.999999999000008e-221,9.999999999000002e-71,9.999999999000008e-231,5.4978563253027776e-99,9.999999999000003e-121,9.999999999e-11,9.999999999000006e-171,1.3556600763121862e-194,9.999999999000001e-81,9.999999999000007e-211,2.760006283529649e-22,9.999999999000002e-131
2023-08-21 11:04:42,0.97032344,9.999999999000004e-151,7.670613619776975e-93,9.999999828569939e-51,9.886339895590832e-21,1.4832743236975834e-183,1.7043006337830075e-58,9.999999999000003e-141,9.999999999000009e-241,9.923216575987937e-91,9.999999999000004e-161,0.9999999999,9.999999998999988e-41,9.985163831296962e-181,9.999999999000008e-221,9.999999999000002e-71,9.999999999000008e-231,1.7932457108515276e-101,9.999999999000003e-121,9.999999999e-11,9.999999999000006e-171,2.3078579989389873e-194,9.999999999000001e-81,9.999999999000007e-211,1.136601034091693e-22,9.999999999000002e-131
2023-08-21 11:05:04,0.98032678,9.999999999000004e-151,1.7352590674513426e-93,9.999999998983342e-51,9.976960768603191e-21,5.7698388691190554e-183,9.999999999e-61,9.999999999000003e-141,9.999999999000009e-241,9.9826453206697e-91,9.999999999000004e-161,0.9999999999,9.999999999e-41,9.942301203349897e-181,9.999999999000008e-221,9.999999999000002e-71,9.999999999000008e-231,1.2028110312996675e-104,9.999999999000003e-121,9.999999999e-11,9.999999999000006e-171,7.0525913033634e-196,9.999999999000001e-81,9.999999999000007e-211,2.3039230396809453e-23,9.999999999000002e-131
2023-08-21 11:05:27,0.99033011,9.999999999000004e-151,3.485935862914982e-95,9.999999999000002e-51,9.99968847853169e-21,1.984658215900301e-184,9.999999999e-61,9.999999999000003e-141,9.999999999000009e-241,9.999651405249174e-91,9.999999999000004e-161,0.9999999999,9.999999999e-41,9.998015340658544e-181,9.999999999000008e-221,9.999999999000002e-71,9.999999999000008e-231,4.71997754944427e-107,9.999999999000003e-121,9.999999999e-11,9.999999999000006e-171,6.326449596894177e-198,9.999999999000001e-81,9.999999999000007e-211,3.115204683112224e-25,9.999999999000002e-131
2023-08-21 11:05:51,1.0,9.999999999000004e-151,9.999999999000003e-101,9.999999999000002e-51,9.999999999000001e-21,9.999999999000006e-191,9.999999999e-61,9.999999999000003e-141,9.999999999000009e-241,9.999999999000002e-91,9.999999999000004e-161,0.9999999999,9.999999999e-41,9.999999999000006e-181,9.999999999000008e-221,9.999999999000002e-71,9.999999999000008e-231,9.999999999000004e-111,9.999999999000003e-121,9.999999999e-11,9.999999999000006e-171,9.999999999000006e-201,9.999999999000001e-81,9.999999999000007e-211,9.999999999000001e-31,9.999999999000002e-131
